Index,Country,Client,ISP,Subnets,Aggregate
7,687,894,373,850,2804
75,687,894,373,850,2804
108,687,894,373,850,2804
269,687,894,373,850,2804
285,687,894,373,850,2804
351,687,894,373,850,2804
512,687,894,373,850,2804
539,687,894,373,850,2804
583,687,894,373,850,2804
676,687,894,373,850,2804
793,687,894,373,850,2804
839,687,894,373,850,2804
842,687,894,373,850,2804
1,687,642,373,850,2552
14,687,642,373,850,2552
16,687,642,373,850,2552
19,687,642,373,850,2552
22,687,642,373,850,2552
27,687,642,373,850,2552
34,687,642,373,850,2552
36,687,642,373,850,2552
38,687,642,373,850,2552
46,687,642,373,850,2552
51,687,642,373,850,2552
58,687,642,373,850,2552
59,687,642,373,850,2552
63,687,642,373,850,2552
70,687,642,373,850,2552
79,687,642,373,850,2552
82,687,642,373,850,2552
83,687,642,373,850,2552
85,687,642,373,850,2552
87,687,642,373,850,2552
88,687,642,373,850,2552
92,687,642,373,850,2552
98,687,642,373,850,2552
100,687,642,373,850,2552
105,687,642,373,850,2552
107,687,642,373,850,2552
111,687,642,373,850,2552
115,687,642,373,850,2552
124,687,642,373,850,2552
126,687,642,373,850,2552
127,687,642,373,850,2552
133,687,642,373,850,2552
134,687,642,373,850,2552
140,687,642,373,850,2552
156,687,642,373,850,2552
161,687,642,373,850,2552
162,687,642,373,850,2552
168,687,642,373,850,2552
169,687,642,373,850,2552
172,687,642,373,850,2552
177,687,642,373,850,2552
179,687,642,373,850,2552
182,687,642,373,850,2552
193,687,642,373,850,2552
202,687,642,373,850,2552
208,687,642,373,850,2552
209,687,642,373,850,2552
212,687,642,373,850,2552
213,687,642,373,850,2552
224,687,642,373,850,2552
230,687,642,373,850,2552
235,687,642,373,850,2552
238,687,642,373,850,2552
242,687,642,373,850,2552
248,687,642,373,850,2552
260,687,642,373,850,2552
262,687,642,373,850,2552
268,687,642,373,850,2552
270,687,642,373,850,2552
274,687,642,373,850,2552
279,687,642,373,850,2552
286,687,642,373,850,2552
288,687,642,373,850,2552
290,687,642,373,850,2552
298,687,642,373,850,2552
301,687,642,373,850,2552
302,687,642,373,850,2552
303,687,642,373,850,2552
308,687,642,373,850,2552
311,687,642,373,850,2552
313,687,642,373,850,2552
322,687,642,373,850,2552
323,687,642,373,850,2552
331,687,642,373,850,2552
332,687,642,373,850,2552
340,687,642,373,850,2552
342,687,642,373,850,2552
343,687,642,373,850,2552
345,687,642,373,850,2552
347,687,642,373,850,2552
352,687,642,373,850,2552
358,687,642,373,850,2552
360,687,642,373,850,2552
363,687,642,373,850,2552
371,687,642,373,850,2552
374,687,642,373,850,2552
377,687,642,373,850,2552
386,687,642,373,850,2552
387,687,642,373,850,2552
406,687,642,373,850,2552
408,687,642,373,850,2552
422,687,642,373,850,2552
434,687,642,373,850,2552
436,687,642,373,850,2552
438,687,642,373,850,2552
440,687,642,373,850,2552
446,687,642,373,850,2552
450,687,642,373,850,2552
456,687,642,373,850,2552
462,687,642,373,850,2552
463,687,642,373,850,2552
469,687,642,373,850,2552
470,687,642,373,850,2552
472,687,642,373,850,2552
475,687,642,373,850,2552
481,687,642,373,850,2552
487,687,642,373,850,2552
489,687,642,373,850,2552
490,687,642,373,850,2552
493,687,642,373,850,2552
498,687,642,373,850,2552
499,687,642,373,850,2552
500,687,642,373,850,2552
508,687,642,373,850,2552
510,687,642,373,850,2552
511,687,642,373,850,2552
516,687,642,373,850,2552
517,687,642,373,850,2552
527,687,642,373,850,2552
528,687,642,373,850,2552
532,687,642,373,850,2552
533,687,642,373,850,2552
534,687,642,373,850,2552
536,687,642,373,850,2552
542,687,642,373,850,2552
545,687,642,373,850,2552
548,687,642,373,850,2552
550,687,642,373,850,2552
553,687,642,373,850,2552
554,687,642,373,850,2552
557,687,642,373,850,2552
558,687,642,373,850,2552
559,687,642,373,850,2552
564,687,642,373,850,2552
565,687,642,373,850,2552
570,687,642,373,850,2552
572,687,642,373,850,2552
573,687,642,373,850,2552
577,687,642,373,850,2552
586,687,642,373,850,2552
590,687,642,373,850,2552
591,687,642,373,850,2552
593,687,642,373,850,2552
594,687,642,373,850,2552
596,687,642,373,850,2552
601,687,642,373,850,2552
602,687,642,373,850,2552
609,687,642,373,850,2552
621,687,642,373,850,2552
627,687,642,373,850,2552
630,687,642,373,850,2552
634,687,642,373,850,2552
646,687,642,373,850,2552
649,687,642,373,850,2552
653,687,642,373,850,2552
655,687,642,373,850,2552
656,687,642,373,850,2552
659,687,642,373,850,2552
660,687,642,373,850,2552
662,687,642,373,850,2552
663,687,642,373,850,2552
664,687,642,373,850,2552
667,687,642,373,850,2552
669,687,642,373,850,2552
671,687,642,373,850,2552
681,687,642,373,850,2552
686,687,642,373,850,2552
696,687,642,373,850,2552
697,687,642,373,850,2552
702,687,642,373,850,2552
703,687,642,373,850,2552
710,687,642,373,850,2552
716,687,642,373,850,2552
723,687,642,373,850,2552
725,687,642,373,850,2552
728,687,642,373,850,2552
729,687,642,373,850,2552
734,687,642,373,850,2552
735,687,642,373,850,2552
738,687,642,373,850,2552
739,687,642,373,850,2552
741,687,642,373,850,2552
743,687,642,373,850,2552
744,687,642,373,850,2552
759,687,642,373,850,2552
770,687,642,373,850,2552
778,687,642,373,850,2552
781,687,642,373,850,2552
792,687,642,373,850,2552
796,687,642,373,850,2552
797,687,642,373,850,2552
801,687,642,373,850,2552
805,687,642,373,850,2552
808,687,642,373,850,2552
823,687,642,373,850,2552
834,687,642,373,850,2552
836,687,642,373,850,2552
837,687,642,373,850,2552
841,687,642,373,850,2552
843,687,642,373,850,2552
844,687,642,373,850,2552
845,687,642,373,850,2552
598,687,894,95,850,2526
287,687,894,48,850,2479
123,687,894,34,850,2465
329,687,894,34,850,2465
418,687,894,34,850,2465
790,687,894,34,850,2465
799,687,894,29,850,2460
15,687,894,7,850,2438
506,687,894,7,850,2438
574,687,894,7,850,2438
39,687,894,3,850,2434
339,687,894,3,850,2434
537,687,894,3,850,2434
257,230,894,373,850,2347
71,687,642,145,850,2324
314,687,642,145,850,2324
321,687,642,145,850,2324
353,687,642,145,850,2324
454,687,642,145,850,2324
502,687,642,145,850,2324
163,687,642,95,850,2274
249,687,642,95,850,2274
518,687,642,95,850,2274
132,687,642,52,850,2231
167,687,642,52,850,2231
401,687,642,52,850,2231
458,687,642,52,850,2231
566,687,642,52,850,2231
54,687,642,48,850,2227
159,687,642,48,850,2227
317,687,642,48,850,2227
563,687,642,48,850,2227
685,687,642,34,850,2213
148,687,642,33,850,2212
265,687,642,33,850,2212
384,687,642,33,850,2212
390,687,642,33,850,2212
531,687,642,33,850,2212
632,687,642,33,850,2212
50,687,642,29,850,2208
102,687,642,29,850,2208
110,687,642,29,850,2208
164,687,642,29,850,2208
181,687,642,29,850,2208
365,687,642,29,850,2208
430,687,642,29,850,2208
451,687,642,29,850,2208
476,687,642,29,850,2208
494,687,642,29,850,2208
629,687,642,29,850,2208
673,687,642,29,850,2208
695,687,642,29,850,2208
775,687,642,29,850,2208
838,687,642,28,850,2207
114,687,642,18,850,2197
149,687,642,9,850,2188
375,687,642,8,850,2187
479,687,642,8,850,2187
761,687,642,8,850,2187
57,687,642,7,850,2186
433,687,642,7,850,2186
543,687,642,7,850,2186
477,687,642,3,850,2182
755,687,642,3,850,2182
524,687,642,2,850,2181
599,687,642,2,850,2181
613,687,642,2,850,2181
513,687,642,1,850,2180
538,687,642,1,850,2180
699,687,642,1,850,2180
3,56,894,373,850,2173
612,56,894,373,850,2173
320,37,894,373,850,2154
657,37,894,373,850,2154
17,29,894,373,850,2146
35,29,894,373,850,2146
261,29,894,373,850,2146
576,29,894,373,850,2146
780,29,894,373,850,2146
833,29,894,373,850,2146
146,11,894,373,850,2128
370,11,894,373,850,2128
45,230,894,145,850,2119
585,230,894,145,850,2119
810,230,894,145,850,2119
817,230,894,145,850,2119
122,230,894,123,850,2097
297,230,642,373,850,2095
732,230,642,373,850,2095
751,230,642,373,850,2095
831,230,642,373,850,2095
416,687,146,373,850,2056
426,687,146,373,850,2056
514,687,146,373,850,2056
1610,687,894,373,100,2054
12,230,894,34,850,2008
42,230,894,34,850,2008
597,230,894,34,850,2008
798,230,894,34,850,2008
1439,687,894,373,52,2006
11,230,894,18,850,1992
1292,687,894,373,38,1992
84,230,894,16,850,1990
150,230,894,16,850,1990
174,230,894,16,850,1990
350,230,894,16,850,1990
486,230,894,16,850,1990
637,230,894,16,850,1990
1190,687,894,373,26,1980
1193,687,894,373,26,1980
232,111,642,373,850,1976
315,111,642,373,850,1976
376,111,642,373,850,1976
529,230,894,1,850,1975
535,230,894,1,850,1975
1238,687,894,373,20,1974
1137,687,894,373,17,1971
147,79,894,145,850,1968
631,79,894,145,850,1968
795,79,894,145,850,1968
1078,687,894,373,13,1967
1086,687,894,373,13,1967
852,687,894,373,12,1966
858,687,894,373,12,1966
1043,687,894,373,10,1964
864,687,894,373,9,1963
867,687,894,373,9,1963
869,687,894,373,9,1963
881,687,894,373,9,1963
906,687,894,373,9,1963
1096,687,894,373,9,1963
924,687,894,373,3,1957
226,79,642,373,850,1944
503,79,642,373,850,1944
610,79,642,373,850,1944
835,79,642,373,850,1944
275,74,642,373,850,1939
392,74,642,373,850,1939
507,74,642,373,850,1939
49,70,894,123,850,1937
520,70,894,123,850,1937
584,70,894,123,850,1937
624,70,894,123,850,1937
6,56,642,373,850,1921
10,56,642,373,850,1921
23,56,642,373,850,1921
44,56,642,373,850,1921
47,56,642,373,850,1921
61,56,642,373,850,1921
69,56,642,373,850,1921
73,56,642,373,850,1921
77,56,642,373,850,1921
99,56,642,373,850,1921
104,56,642,373,850,1921
143,56,642,373,850,1921
154,56,642,373,850,1921
165,56,642,373,850,1921
184,56,642,373,850,1921
185,56,642,373,850,1921
194,56,642,373,850,1921
277,56,642,373,850,1921
289,56,642,373,850,1921
326,56,642,373,850,1921
336,56,642,373,850,1921
372,56,642,373,850,1921
480,56,642,373,850,1921
482,56,642,373,850,1921
485,56,642,373,850,1921
519,56,642,373,850,1921
540,56,642,373,850,1921
541,56,642,373,850,1921
551,56,642,373,850,1921
552,56,642,373,850,1921
562,56,642,373,850,1921
578,56,642,373,850,1921
605,56,642,373,850,1921
611,56,642,373,850,1921
661,56,642,373,850,1921
674,56,642,373,850,1921
680,56,642,373,850,1921
719,56,642,373,850,1921
745,56,642,373,850,1921
752,56,642,373,850,1921
757,56,642,373,850,1921
760,56,642,373,850,1921
786,56,642,373,850,1921
802,56,642,373,850,1921
818,56,642,373,850,1921
819,56,642,373,850,1921
820,56,642,373,850,1921
357,687,10,373,850,1920
1858,687,894,145,192,1918
496,39,642,373,850,1904
754,39,642,373,850,1904
13,37,642,373,850,1902
292,37,642,373,850,1902
325,37,642,373,850,1902
505,37,642,373,850,1902
95,29,642,373,850,1894
117,29,642,373,850,1894
236,29,642,373,850,1894
263,29,642,373,850,1894
284,29,642,373,850,1894
362,29,642,373,850,1894
466,29,642,373,850,1894
544,29,642,373,850,1894
549,29,642,373,850,1894
640,29,642,373,850,1894
644,29,642,373,850,1894
688,29,642,373,850,1894
758,29,642,373,850,1894
807,29,642,373,850,1894
91,111,894,16,850,1871
144,111,894,16,850,1871
152,111,894,16,850,1871
399,687,189,145,850,1871
453,111,894,16,850,1871
567,111,894,16,850,1871
604,111,894,16,850,1871
620,111,894,16,850,1871
638,111,894,16,850,1871
821,111,894,16,850,1871
826,111,894,16,850,1871
1698,687,894,95,192,1868
1721,687,894,95,192,1868
1723,687,894,95,192,1868
1756,687,894,95,192,1868
1767,687,894,95,192,1868
1788,687,894,95,192,1868
1800,687,894,95,192,1868
1808,687,894,95,192,1868
1830,687,894,95,192,1868
1837,687,894,95,192,1868
1859,687,894,95,192,1868
1879,687,894,95,192,1868
715,230,642,145,850,1867
405,111,894,3,850,1858
81,74,894,34,850,1852
5,230,642,123,850,1845
97,230,642,123,850,1845
118,230,642,123,850,1845
136,230,642,123,850,1845
252,230,642,123,850,1845
273,230,642,123,850,1845
380,230,642,123,850,1845
383,230,642,123,850,1845
435,230,642,123,850,1845
468,230,642,123,850,1845
555,230,642,123,850,1845
672,230,642,123,850,1845
693,230,642,123,850,1845
766,230,642,123,850,1845
811,230,642,123,850,1845
847,230,642,123,850,1845
106,687,146,145,850,1828
633,687,146,145,850,1828
768,687,146,145,850,1828
48,49,894,34,850,1827
650,49,894,34,850,1827
1719,687,894,52,192,1825
1828,687,894,52,192,1825
1829,687,894,52,192,1825
1865,687,894,52,192,1825
200,687,189,95,850,1821
214,687,189,95,850,1821
219,687,189,95,850,1821
368,687,189,95,850,1821
706,687,189,95,850,1821
717,687,189,95,850,1821
1722,687,894,48,192,1821
1783,687,894,48,192,1821
1802,687,894,48,192,1821
1817,687,894,48,192,1821
1836,687,894,48,192,1821
1709,687,894,33,192,1806
1731,687,894,33,192,1806
1743,687,894,33,192,1806
1774,687,894,33,192,1806
1803,687,894,33,192,1806
67,49,894,6,850,1799
455,49,894,6,850,1799
31,16,894,34,850,1794
246,16,894,34,850,1794
293,16,894,34,850,1794
324,16,894,34,850,1794
327,16,894,34,850,1794
588,16,894,34,850,1794
774,16,894,34,850,1794
504,32,894,17,850,1793
636,32,894,17,850,1793
1748,687,894,18,192,1791
283,37,894,5,850,1786
492,37,894,5,850,1786
575,37,894,5,850,1786
762,37,894,5,850,1786
1852,687,894,13,192,1786
116,40,894,1,850,1785
1570,687,642,373,81,1783
1694,687,894,10,192,1783
1779,687,894,10,192,1783
1833,687,894,10,192,1783
1816,687,894,9,192,1782
608,3,894,34,850,1781
1727,687,894,8,192,1781
1789,687,894,8,192,1781
240,687,146,95,850,1778
720,687,189,52,850,1778
794,687,189,52,850,1778
1696,687,894,5,192,1778
1716,687,894,5,192,1778
1771,687,894,5,192,1778
1810,687,894,5,192,1778
1595,687,894,95,100,1776
1599,687,894,95,100,1776
1629,687,894,95,100,1776
1635,687,894,95,100,1776
1638,687,894,95,100,1776
1652,687,894,95,100,1776
1685,687,894,95,100,1776
1737,687,894,2,192,1775
1769,687,894,2,192,1775
1790,687,894,2,192,1775
1867,687,894,2,192,1775
4,687,189,48,850,1774
33,687,189,48,850,1774
266,687,189,48,850,1774
278,687,189,48,850,1774
464,687,189,48,850,1774
824,687,189,48,850,1774
1693,687,894,1,192,1774
1707,687,894,1,192,1774
1744,687,894,1,192,1774
348,16,894,4,850,1764
1309,687,894,145,38,1764
417,12,894,2,850,1758
460,12,894,1,850,1757
1542,687,894,95,81,1757
1549,687,894,95,81,1757
1575,687,894,95,81,1757
1588,687,894,95,81,1757
726,687,189,28,850,1754
1185,687,894,145,26,1752
1494,687,642,373,49,1751
9,111,642,145,850,1748
53,111,642,145,850,1748
142,111,642,145,850,1748
158,111,642,145,850,1748
187,111,642,145,850,1748
221,111,642,145,850,1748
233,111,642,145,850,1748
276,111,642,145,850,1748
420,111,642,145,850,1748
568,111,642,145,850,1748
595,111,642,145,850,1748
606,111,642,145,850,1748
626,111,642,145,850,1748
806,111,642,145,850,1748
1171,687,894,145,22,1748
677,687,189,18,850,1744
700,687,189,18,850,1744
1145,687,894,145,17,1743
748,230,642,18,850,1740
1219,687,894,145,13,1739
1058,687,894,145,12,1738
1609,687,894,52,100,1733
1359,687,894,95,56,1732
1362,687,894,95,56,1732
1367,687,894,95,56,1732
1373,687,894,95,56,1732
1376,687,894,95,56,1732
1378,687,894,95,56,1732
1381,687,894,95,56,1732
1382,687,894,95,56,1732
1394,687,894,95,56,1732
1407,687,894,95,56,1732
237,687,146,48,850,1731
253,687,146,48,850,1731
310,687,146,48,850,1731
457,687,146,48,850,1731
546,687,146,48,850,1731
571,687,146,48,850,1731
827,687,146,48,850,1731
306,230,642,8,850,1730
421,230,642,8,850,1730
628,230,642,8,850,1730
641,230,642,8,850,1730
101,230,642,7,850,1729
251,230,642,7,850,1729
713,230,642,7,850,1729
1632,687,894,48,100,1729
1649,687,894,48,100,1729
1679,687,894,48,100,1729
1411,687,894,95,52,1728
1413,687,894,95,52,1728
1419,687,894,95,52,1728
1420,687,894,95,52,1728
1425,687,894,95,52,1728
1433,687,894,95,52,1728
1437,687,894,95,52,1728
1454,687,894,95,52,1728
1455,687,894,95,52,1728
229,687,189,1,850,1727
381,687,189,1,850,1727
309,230,642,4,850,1726
712,230,642,4,850,1726
785,230,642,4,850,1726
849,230,642,4,850,1726
66,230,642,2,850,1724
78,230,642,2,850,1724
441,230,642,2,850,1724
813,230,642,2,850,1724
687,230,642,1,850,1723
765,230,642,1,850,1723
1315,687,894,95,42,1718
1323,687,894,95,42,1718
1327,687,894,95,42,1718
1337,687,894,95,42,1718
1345,687,894,95,42,1718
701,687,146,34,850,1717
218,79,642,145,850,1716
341,79,642,145,850,1716
344,79,642,145,850,1716
373,79,642,145,850,1716
415,79,642,145,850,1716
423,79,642,145,850,1716
465,79,642,145,850,1716
547,79,642,145,850,1716
581,79,642,145,850,1716
589,79,642,145,850,1716
692,79,642,145,850,1716
829,79,642,145,850,1716
1278,687,894,95,38,1714
1289,687,894,95,38,1714
1293,687,894,95,38,1714
1515,687,894,52,81,1714
1517,687,894,52,81,1714
1538,687,894,52,81,1714
1553,687,894,52,81,1714
1556,687,894,52,81,1714
1650,687,894,33,100,1714
1661,687,894,33,100,1714
830,687,146,28,850,1711
1592,687,894,48,81,1710
1611,687,894,28,100,1709
1197,687,894,95,26,1702
1198,687,894,95,26,1702
24,62,642,145,850,1699
80,62,642,145,850,1699
125,62,642,145,850,1699
155,62,642,145,850,1699
190,62,642,145,850,1699
307,62,642,145,850,1699
312,62,642,145,850,1699
378,62,642,145,850,1699
447,62,642,145,850,1699
746,62,642,145,850,1699
832,62,642,145,850,1699
1601,687,894,18,100,1699
1636,687,894,18,100,1699
1167,687,894,95,22,1698
1169,687,894,95,22,1698
491,687,146,13,850,1696
1545,687,894,33,81,1695
1557,687,894,33,81,1695
1563,687,894,33,81,1695
1676,687,894,13,100,1694
1133,687,894,95,17,1693
1151,687,894,95,17,1693
68,687,146,8,850,1691
473,687,146,8,850,1691
1634,687,894,10,100,1691
1642,687,894,10,100,1691
1682,687,894,10,100,1691
1687,687,894,10,100,1691
1646,687,894,9,100,1690
1357,687,894,52,56,1689
1361,687,894,52,56,1689
1369,687,894,52,56,1689
1374,687,894,52,56,1689
1377,687,894,52,56,1689
1384,687,894,52,56,1689
1390,687,894,52,56,1689
1397,687,894,52,56,1689
1400,687,894,52,56,1689
1051,687,894,95,12,1688
1052,687,894,95,12,1688
128,70,642,123,850,1685
175,70,642,123,850,1685
180,70,642,123,850,1685
198,70,642,123,850,1685
205,70,642,123,850,1685
334,70,642,123,850,1685
413,70,642,123,850,1685
442,70,642,123,850,1685
461,70,642,123,850,1685
478,70,642,123,850,1685
675,70,642,123,850,1685
789,70,642,123,850,1685
1101,687,894,95,9,1685
1370,687,894,48,56,1685
1430,687,894,52,52,1685
1438,687,894,52,52,1685
1443,687,894,52,52,1685
1458,687,894,52,52,1685
1460,687,894,52,52,1685
1461,687,894,52,52,1685
1668,687,894,4,100,1685
1674,687,894,4,100,1685
1672,687,894,3,100,1684
1028,687,894,95,7,1683
915,687,894,95,6,1682
1479,687,894,52,49,1682
1498,687,894,52,49,1682
1502,687,894,52,49,1682
1506,687,894,52,49,1682
1510,687,894,52,49,1682
910,687,894,95,5,1681
912,687,894,95,5,1681
959,687,894,95,5,1681
961,687,894,95,5,1681
1011,687,894,95,5,1681
1452,687,894,48,52,1681
1005,687,894,95,3,1679
28,39,642,145,850,1676
74,39,642,145,850,1676
1334,687,894,52,42,1675
1341,687,894,52,42,1675
1573,687,894,13,81,1675
1582,687,894,13,81,1675
1587,687,894,13,81,1675
25,37,642,145,850,1674
120,37,642,145,850,1674
393,37,642,145,850,1674
618,37,642,145,850,1674
1286,687,894,52,38,1671
1339,687,894,48,42,1671
1385,687,894,33,56,1670
1534,687,894,8,81,1670
1559,687,894,8,81,1670
1280,687,894,48,38,1667
1428,687,894,33,52,1666
1459,687,894,33,52,1666
1513,687,894,3,81,1665
1514,687,894,2,81,1664
1529,687,894,2,81,1664
1551,687,894,2,81,1664
1497,687,894,33,49,1663
1523,687,894,1,81,1663
1562,687,894,1,81,1663
1568,687,894,1,81,1663
1586,687,894,1,81,1663
816,23,642,145,850,1660
1164,687,894,52,22,1655
1264,687,894,52,19,1652
1265,687,894,52,19,1652
1287,687,894,33,38,1652
1298,687,894,33,38,1652
1445,687,894,18,52,1651
1269,687,894,48,19,1648
1274,687,894,48,19,1648
1466,687,894,18,49,1648
1473,687,894,18,49,1648
1105,687,894,48,17,1646
1045,687,894,52,12,1645
1048,687,894,52,12,1645
1389,687,894,8,56,1645
1391,687,894,7,56,1644
1393,687,894,7,56,1644
1395,687,894,7,56,1644
683,230,189,373,850,1642
1081,687,894,48,13,1642
1089,687,894,48,13,1642
1331,687,894,18,42,1641
1405,687,894,4,56,1641
1450,687,894,8,52,1641
1418,687,894,7,52,1640
1426,687,894,7,52,1640
1427,687,894,7,52,1640
1034,687,894,48,10,1639
1037,687,894,48,10,1639
1098,687,894,48,9,1638
1364,687,894,1,56,1638
874,687,894,48,8,1637
879,687,894,48,8,1637
980,687,894,52,3,1636
1021,687,894,48,6,1635
1489,687,894,3,49,1633
921,687,894,48,3,1632
1106,687,894,34,17,1632
1111,687,894,34,17,1632
1132,687,894,34,17,1632
1499,687,894,2,49,1632
1470,687,894,1,49,1631
1074,687,894,33,13,1627
1047,687,894,33,12,1626
1336,687,894,3,42,1626
1038,687,894,34,10,1625
1330,687,894,2,42,1625
1344,687,894,2,42,1625
1299,687,894,5,38,1624
1279,687,894,2,38,1621
1294,687,894,2,38,1621
1301,687,894,2,38,1621
1184,687,894,13,26,1620
958,687,894,33,5,1619
964,687,894,33,5,1619
1252,687,894,18,20,1619
942,687,894,28,9,1618
989,687,894,33,3,1617
1027,687,894,28,7,1616
1700,687,642,95,192,1616
1785,687,642,95,192,1616
1805,687,642,95,192,1616
1201,687,894,3,26,1610
866,687,894,18,9,1608
94,111,642,4,850,1607
294,111,642,4,850,1607
645,111,642,4,850,1607
731,111,642,4,850,1607
1256,687,894,7,19,1607
1224,687,894,10,14,1605
787,111,642,1,850,1604
1031,687,894,18,5,1604
950,687,894,13,9,1603
1217,687,894,9,13,1603
1253,687,894,1,20,1602
21,79,642,29,850,1600
65,79,642,29,850,1600
86,79,642,29,850,1600
356,79,642,29,850,1600
361,79,642,29,850,1600
444,79,642,29,850,1600
668,79,642,29,850,1600
694,79,642,29,850,1600
737,79,642,29,850,1600
777,79,642,29,850,1600
848,79,642,29,850,1600
854,687,894,7,12,1600
859,687,894,7,12,1600
130,230,146,373,850,1599
247,230,146,373,850,1599
264,230,146,373,850,1599
335,230,146,373,850,1599
484,74,642,33,850,1599
501,74,642,33,850,1599
756,74,642,33,850,1599
968,687,894,13,5,1599
978,687,894,13,3,1597
1102,687,894,7,9,1597
1225,687,894,2,14,1597
1220,687,894,2,13,1596
1234,687,894,1,14,1596
977,687,894,9,3,1593
1035,687,894,2,10,1593
953,687,894,7,3,1591
982,687,894,2,8,1591
1017,687,894,3,6,1590
916,687,894,2,6,1589
965,687,894,3,5,1589
1012,687,894,3,5,1589
1124,687,894,1,7,1589
151,62,642,34,850,1588
617,62,642,34,850,1588
635,62,642,34,850,1588
909,687,894,1,5,1587
952,687,894,2,3,1586
999,687,894,1,4,1586
1003,687,894,1,3,1585
956,687,894,1,2,1584
1648,687,642,145,100,1574
1686,687,642,145,100,1574
1763,687,642,52,192,1573
521,79,642,1,850,1572
153,62,642,16,850,1570
338,74,642,4,850,1570
424,74,642,4,850,1570
607,74,642,4,850,1570
800,74,642,4,850,1570
349,49,642,28,850,1569
409,74,642,2,850,1568
822,74,642,2,850,1568
776,74,642,1,850,1567
779,49,642,25,850,1566
648,39,642,34,850,1565
803,39,642,34,850,1565
32,62,642,7,850,1561
698,39,642,28,850,1559
443,62,642,4,850,1558
222,62,642,2,850,1556
561,62,642,2,850,1556
840,56,642,2,850,1550
139,49,642,4,850,1545
271,49,642,1,850,1542
809,49,642,1,850,1542
814,49,642,1,850,1542
26,32,642,17,850,1541
245,32,642,17,850,1541
448,32,642,17,850,1541
488,32,642,17,850,1541
623,32,642,17,850,1541
1733,687,642,18,192,1539
1878,687,642,18,192,1539
425,39,642,4,850,1535
1704,687,642,13,192,1534
398,37,642,4,850,1533
616,37,642,4,850,1533
1371,687,642,145,56,1530
199,111,189,373,850,1523
600,29,642,1,850,1522
1813,687,642,1,192,1522
316,28,642,1,850,1521
206,12,642,2,850,1506
647,10,642,4,850,1506
389,12,642,1,850,1505
784,12,642,1,850,1505
241,10,642,2,850,1504
204,8,642,3,850,1503
367,8,642,3,850,1503
129,8,642,1,850,1501
846,5,642,2,850,1499
556,3,642,2,850,1497
791,1,642,1,850,1494
1054,687,642,145,12,1486
432,111,146,373,850,1480
523,111,146,373,850,1480
642,111,146,373,850,1480
850,111,146,373,850,1480
1363,687,642,95,56,1480
1365,687,642,95,56,1480
1402,687,642,95,56,1480
1410,687,642,95,56,1480
1444,687,642,95,52,1476
1475,687,642,95,49,1473
1207,687,642,95,26,1450
18,79,146,373,850,1448
304,79,146,373,850,1448
525,79,146,373,850,1448
1637,687,642,18,100,1447
1239,687,642,95,20,1444
670,74,146,373,850,1443
753,74,146,373,850,1443
804,74,146,373,850,1443
1626,687,642,10,100,1439
1715,230,894,123,192,1439
1751,230,894,123,192,1439
1849,230,894,123,192,1439
1056,687,642,95,12,1436
948,687,642,95,9,1433
1690,687,642,2,100,1431
1508,687,642,52,49,1430
1006,687,642,95,5,1429
1558,687,642,18,81,1428
396,230,189,145,850,1414
1417,687,642,33,52,1414
1483,687,642,33,49,1411
1541,687,642,1,81,1411
1319,687,642,33,42,1404
1281,687,642,33,38,1400
1179,687,642,48,22,1399
1180,687,642,48,22,1399
1324,687,642,28,42,1399
160,29,146,373,850,1398
239,29,146,373,850,1398
256,29,146,373,850,1398
355,29,146,373,850,1398
427,29,146,373,850,1398
439,29,146,373,850,1398
569,29,146,373,850,1398
1127,687,642,52,17,1398
30,230,189,123,850,1392
379,230,189,123,850,1392
395,230,189,123,850,1392
404,230,189,123,850,1392
652,230,189,123,850,1392
772,230,189,123,850,1392
773,230,189,123,850,1392
1077,687,642,48,13,1390
1283,687,642,18,38,1385
976,687,642,52,3,1384
974,687,642,48,2,1379
1516,28,894,373,81,1376
76,230,146,145,850,1371
282,230,146,145,850,1371
407,230,146,145,850,1371
515,230,146,145,850,1371
530,230,146,145,850,1371
1303,687,642,1,38,1368
1188,687,642,8,26,1363
1205,687,642,8,26,1363
1162,687,642,9,22,1360
346,230,146,123,850,1349
452,230,146,123,850,1349
582,230,146,123,850,1349
614,230,146,123,850,1349
615,230,146,123,850,1349
724,230,146,123,850,1349
747,230,146,123,850,1349
749,230,146,123,850,1349
1643,230,894,123,100,1347
946,687,642,8,9,1346
1313,37,894,373,42,1346
1090,687,642,2,13,1344
1001,687,642,10,4,1343
1705,230,894,26,192,1342
1745,230,894,26,192,1342
1752,230,894,26,192,1342
1755,230,894,26,192,1342
1760,230,894,26,192,1342
1762,230,894,26,192,1342
1765,230,894,26,192,1342
1770,230,894,26,192,1342
1772,230,894,26,192,1342
1791,230,894,26,192,1342
1804,230,894,26,192,1342
1811,230,894,26,192,1342
1812,230,894,26,192,1342
1824,230,894,26,192,1342
1827,230,894,26,192,1342
1855,230,894,26,192,1342
1863,230,894,26,192,1342
1864,230,894,26,192,1342
1871,230,894,26,192,1342
1873,230,894,26,192,1342
1874,230,894,26,192,1342
1877,230,894,26,192,1342
1758,230,894,25,192,1341
1026,687,642,3,7,1339
1832,230,894,21,192,1337
1880,230,894,21,192,1337
1701,230,894,18,192,1334
1736,230,894,18,192,1334
937,56,894,373,7,1330
1521,230,894,123,81,1328
1358,1,894,373,56,1324
1776,230,894,3,192,1319
1781,230,894,3,192,1319
851,37,894,373,12,1316
897,37,894,373,11,1315
870,37,894,373,9,1313
886,37,894,373,9,1313
1329,230,894,145,42,1311
1623,687,146,373,100,1306
1368,230,894,123,56,1303
1386,230,894,123,56,1303
1453,230,894,123,52,1299
1484,230,894,123,49,1296
176,111,189,145,850,1295
191,111,189,145,850,1295
215,111,189,145,850,1295
258,111,189,145,850,1295
267,111,189,145,850,1295
295,111,189,145,850,1295
369,111,189,145,850,1295
227,230,189,25,850,1294
1796,62,894,145,192,1293
1316,230,894,123,42,1289
718,230,189,18,850,1287
1567,687,146,373,81,1287
1297,230,894,123,38,1285
1703,70,894,123,192,1279
1742,70,894,123,192,1279
1775,70,894,123,192,1279
994,230,894,145,4,1273
654,230,189,2,850,1271
1135,230,894,123,17,1264
1153,230,894,123,17,1264
109,79,189,145,850,1263
113,79,189,145,850,1263
211,79,189,145,850,1263
625,79,189,145,850,1263
682,79,189,145,850,1263
711,79,189,145,850,1263
788,79,189,145,850,1263
1042,230,894,123,10,1257
947,230,894,123,9,1256
936,230,894,123,7,1254
933,230,894,123,6,1253
40,111,146,145,850,1252
56,111,146,145,850,1252
178,111,146,145,850,1252
305,111,146,145,850,1252
330,111,146,145,850,1252
459,111,146,145,850,1252
580,111,146,145,850,1252
658,111,146,145,850,1252
722,111,146,145,850,1252
960,230,894,123,5,1252
925,230,894,123,3,1250
963,230,894,123,2,1249
1654,230,894,25,100,1249
1598,230,894,20,100,1244
52,70,189,123,850,1232
89,70,189,123,850,1232
195,70,189,123,850,1232
400,70,189,123,850,1232
665,70,189,123,850,1232
689,70,189,123,850,1232
727,70,189,123,850,1232
767,70,189,123,850,1232
43,230,146,2,850,1228
622,230,146,1,850,1227
1681,230,894,3,100,1227
1543,230,894,20,81,1225
1544,230,894,20,81,1225
1572,230,894,20,81,1225
1591,230,894,20,81,1225
1537,230,894,18,81,1223
112,79,146,145,850,1220
157,79,146,145,850,1220
259,79,146,145,850,1220
291,79,146,145,850,1220
300,79,146,145,850,1220
474,79,146,145,850,1220
509,79,146,145,850,1220
1597,79,894,145,100,1218
135,230,10,123,850,1213
319,230,10,123,850,1213
579,230,10,123,850,1213
704,230,10,123,850,1213
196,23,189,145,850,1207
272,23,189,145,850,1207
1409,230,894,21,56,1201
1546,79,894,145,81,1199
1335,230,894,28,42,1194
1435,230,894,18,52,1194
1477,230,894,21,49,1194
1481,230,894,20,49,1193
1485,230,894,20,49,1193
1487,230,894,20,49,1193
1500,230,894,20,49,1193
1291,230,894,28,38,1190
1302,230,894,28,38,1190
2,70,146,123,850,1189
93,70,146,123,850,1189
96,70,146,123,850,1189
145,70,146,123,850,1189
467,70,146,123,850,1189
483,70,146,123,850,1189
560,70,146,123,850,1189
1614,70,894,123,100,1187
1285,230,894,20,38,1182
603,39,146,145,850,1180
782,39,146,145,850,1180
1186,230,894,28,26,1178
1196,230,894,25,26,1175
1170,230,894,28,22,1174
1380,79,894,145,56,1174
1248,230,894,28,20,1172
1251,230,894,28,20,1172
1254,230,894,28,20,1172
1187,230,894,21,26,1171
1261,230,894,28,19,1171
857,230,894,34,12,1170
1423,79,894,145,52,1170
8,111,189,19,850,1169
29,111,189,19,850,1169
72,111,189,19,850,1169
171,111,189,19,850,1169
188,111,189,19,850,1169
189,111,189,19,850,1169
243,111,189,19,850,1169
359,111,189,19,850,1169
428,111,189,19,850,1169
643,111,189,19,850,1169
764,111,189,19,850,1169
769,111,189,19,850,1169
1154,230,894,28,17,1169
1576,70,894,123,81,1168
1806,79,894,3,192,1168
1352,230,894,1,42,1167
1746,79,894,2,192,1167
1787,79,894,2,192,1167
1718,74,894,6,192,1166
1872,79,894,1,192,1166
354,23,146,145,850,1164
410,23,146,145,850,1164
437,23,146,145,850,1164
1794,62,894,16,192,1164
1841,62,894,16,192,1164
1262,230,894,20,19,1163
1273,230,894,20,19,1163
865,230,894,29,9,1162
871,230,894,29,9,1162
1053,230,894,26,12,1162
1080,230,894,25,13,1162
1128,230,894,21,17,1162
1267,230,894,18,19,1161
1036,230,894,26,10,1160
1856,49,894,25,192,1160
1875,49,894,25,192,1160
1112,230,894,18,17,1159
967,111,894,145,5,1155
1013,230,894,26,5,1155
1068,230,894,18,13,1155
1799,62,894,7,192,1155
1825,62,894,7,192,1155
1860,62,894,7,192,1155
861,230,894,18,12,1154
987,230,894,21,8,1153
1016,230,894,21,6,1151
1840,37,894,28,192,1151
1032,230,894,21,5,1150
1472,62,894,145,49,1150
992,230,894,21,2,1147
1029,230,894,18,5,1147
1712,56,894,3,192,1145
1263,230,894,1,19,1144
1372,70,894,123,56,1143
1387,70,894,123,56,1143
1580,23,894,145,81,1143
1168,79,894,145,22,1140
1176,79,894,145,22,1140
1284,62,894,145,38,1139
1307,62,894,145,38,1139
1434,70,894,123,52,1139
1257,79,894,145,19,1137
1695,49,894,2,192,1137
1845,49,894,2,192,1137
1488,70,894,123,49,1136
951,230,894,8,3,1135
1114,79,894,145,17,1135
1155,79,894,145,17,1135
1754,39,894,7,192,1132
1786,39,894,7,192,1132
1797,39,894,7,192,1132
1073,79,894,145,13,1131
1014,230,894,1,5,1130
1619,111,894,25,100,1130
1321,70,894,123,42,1129
1343,70,894,123,42,1129
1708,39,894,2,192,1127
1801,37,894,4,192,1127
1815,37,894,4,192,1127
1866,28,894,13,192,1127
119,111,146,19,850,1126
131,111,146,19,850,1126
250,111,146,19,850,1126
255,111,146,19,850,1126
296,111,146,19,850,1126
587,111,146,19,850,1126
750,111,146,19,850,1126
1741,37,894,3,192,1126
1282,70,894,123,38,1125
1740,28,894,10,192,1124
1777,28,894,10,192,1124
1834,28,894,10,192,1124
1784,12,894,25,192,1123
709,79,189,1,850,1119
1749,8,894,25,192,1119
1757,32,894,1,192,1119
1881,23,894,10,192,1119
186,74,189,5,850,1118
419,74,189,5,850,1118
678,74,189,5,850,1118
1103,62,894,145,17,1118
217,49,189,28,850,1116
1753,28,894,2,192,1116
679,74,189,2,850,1115
1759,21,894,8,192,1115
1079,62,894,145,13,1114
1244,79,642,373,20,1114
1628,111,894,9,100,1114
121,40,189,34,850,1113
141,40,189,34,850,1113
173,40,189,34,850,1113
192,40,189,34,850,1113
197,40,189,34,850,1113
201,40,189,34,850,1113
210,40,189,34,850,1113
228,40,189,34,850,1113
231,40,189,34,850,1113
234,40,189,34,850,1113
318,40,189,34,850,1113
364,40,189,34,850,1113
366,40,189,34,850,1113
385,40,189,34,850,1113
388,40,189,34,850,1113
391,40,189,34,850,1113
394,40,189,34,850,1113
397,40,189,34,850,1113
402,40,189,34,850,1113
429,40,189,34,850,1113
431,40,189,34,850,1113
497,40,189,34,850,1113
526,40,189,34,850,1113
619,40,189,34,850,1113
684,40,189,34,850,1113
691,40,189,34,850,1113
705,40,189,34,850,1113
707,40,189,34,850,1113
721,40,189,34,850,1113
736,40,189,34,850,1113
740,40,189,34,850,1113
742,40,189,34,850,1113
763,40,189,34,850,1113
825,40,189,34,850,1113
1194,70,894,123,26,1113
1208,70,894,123,26,1113
1713,6,894,21,192,1113
1739,6,894,21,192,1113
1773,6,894,21,192,1113
1792,6,894,21,192,1113
1884,6,894,21,192,1113
1768,23,894,2,192,1111
1798,23,894,2,192,1111
1814,23,894,2,192,1111
281,70,189,1,850,1110
1809,21,894,3,192,1110
1821,21,894,3,192,1110
1843,23,894,1,192,1110
1846,23,894,1,192,1110
1869,21,894,3,192,1110
1644,111,894,4,100,1109
55,111,146,1,850,1108
254,111,146,1,850,1108
299,111,2,145,850,1108
733,111,146,1,850,1108
1242,70,894,123,20,1107
166,39,189,28,850,1106
1861,11,894,4,192,1101
1092,70,894,123,13,1100
1216,70,894,123,13,1100
1732,8,894,6,192,1100
1780,10,894,4,192,1100
1795,10,894,4,192,1100
1807,10,894,4,192,1100
1835,8,894,6,192,1100
1883,10,894,4,192,1100
1062,70,894,123,12,1099
1067,70,894,123,12,1099
1761,11,894,2,192,1099
1039,70,894,123,10,1097
1699,3,894,8,192,1097
1728,7,894,3,192,1096
1818,7,894,3,192,1096
1730,6,894,1,192,1093
1847,5,894,2,192,1093
90,49,189,4,850,1092
207,49,189,4,850,1092
220,49,189,4,850,1092
280,49,189,4,850,1092
1010,70,894,123,5,1092
1747,3,894,3,192,1092
1831,3,894,2,192,1091
1004,70,894,123,3,1090
1870,3,894,1,192,1090
1209,37,894,145,13,1089
1823,230,642,25,192,1089
170,32,189,17,850,1088
183,32,189,17,850,1088
382,32,189,17,850,1088
522,32,189,17,850,1088
1725,1,894,1,192,1088
1868,1,894,1,192,1088
1577,111,894,1,81,1087
203,40,189,5,850,1084
225,40,189,5,850,1084
403,40,189,5,850,1084
690,40,189,5,850,1084
714,40,189,5,850,1084
103,39,189,2,850,1080
216,39,189,2,850,1080
1669,79,894,5,100,1078
1750,687,146,52,192,1077
1764,687,146,52,192,1077
1882,687,189,9,192,1077
37,12,189,25,850,1076
223,32,189,3,850,1074
244,49,146,28,850,1073
1608,74,894,5,100,1073
1667,74,894,5,100,1073
1766,687,146,48,192,1073
1346,111,894,25,42,1072
1717,230,642,8,192,1072
1607,74,894,2,100,1070
1594,49,894,25,100,1068
1689,49,894,25,100,1068
1415,111,894,9,52,1066
1720,230,642,1,192,1065
1844,230,642,1,192,1065
62,39,146,28,850,1063
708,21,189,1,850,1061
1447,111,894,2,52,1059
1451,111,894,2,52,1059
1604,62,894,3,100,1059
1662,62,894,3,100,1059
1820,687,146,33,192,1058
333,70,10,123,850,1053
495,70,10,123,850,1053
812,70,10,123,850,1053
828,70,10,123,850,1053
328,12,189,1,850,1052
60,49,146,6,850,1051
337,49,146,6,850,1051
815,49,146,4,850,1049
1533,49,894,25,81,1049
1083,111,894,28,13,1046
412,32,146,17,850,1045
449,32,146,17,850,1045
471,32,146,17,850,1045
592,32,146,17,850,1045
639,32,146,17,850,1045
771,32,146,17,850,1045
783,70,2,123,850,1045
855,111,894,28,12,1045
1600,49,894,2,100,1045
1677,49,894,1,100,1044
64,2,189,2,850,1043
730,3,189,1,850,1043
1539,62,894,5,81,1042
1666,21,894,25,100,1040
1683,37,894,4,100,1035
411,28,146,10,850,1034
1379,79,894,3,56,1032
1665,33,894,5,100,1032
1641,12,894,25,100,1031
41,32,146,2,850,1030
651,17,146,17,850,1030
1406,62,894,16,56,1028
1605,33,894,1,100,1028
1651,33,894,1,100,1028
1653,33,894,1,100,1028
1778,70,642,123,192,1027
1839,70,642,123,192,1027
1853,70,642,123,192,1027
1159,111,894,4,17,1026
1490,79,894,4,49,1026
1496,79,894,4,49,1026
1851,687,146,1,192,1026
889,111,894,9,11,1025
1403,74,894,1,56,1025
1547,49,894,1,81,1025
1235,111,894,5,14,1024
1421,62,894,16,52,1024
1213,111,894,5,13,1023
1467,74,894,6,49,1023
1511,74,894,6,49,1023
1660,21,894,8,100,1023
1009,230,642,145,5,1022
1412,74,894,2,52,1022
1503,62,894,16,49,1021
1507,74,894,2,49,1019
1663,23,894,2,100,1019
862,111,894,1,12,1018
922,111,894,9,3,1017
926,111,894,9,3,1017
927,111,894,9,3,1017
1022,111,894,4,7,1016
1520,28,894,13,81,1016
1328,62,894,16,42,1014
1120,111,894,1,7,1013
1348,687,189,95,42,1013
890,74,894,33,11,1012
891,74,894,33,11,1012
892,74,894,33,11,1012
894,74,894,33,11,1012
895,74,894,33,11,1012
896,74,894,33,11,1012
898,74,894,33,11,1012
899,74,894,33,11,1012
1002,111,894,5,1,1011
1590,33,894,3,81,1011
137,10,146,4,850,1010
883,74,894,33,9,1010
887,74,894,33,9,1010
900,74,894,33,9,1010
901,74,894,33,9,1010
903,74,894,33,9,1010
904,74,894,33,9,1010
905,74,894,33,9,1010
907,74,894,33,9,1010
908,74,894,33,9,1010
1295,62,894,16,38,1010
1305,74,894,4,38,1010
1310,74,894,4,38,1010
1311,74,894,4,38,1010
1528,33,894,2,81,1010
1532,33,894,2,81,1010
1540,32,894,3,81,1010
1574,33,894,2,81,1010
872,74,894,33,8,1009
873,74,894,33,8,1009
877,74,894,33,8,1009
878,74,894,33,8,1009
1555,33,894,1,81,1009
1564,33,894,1,81,1009
20,10,146,2,850,1008
1519,23,894,10,81,1008
414,10,146,1,850,1007
914,74,894,33,6,1007
917,74,894,33,6,1007
918,74,894,33,6,1007
1615,11,894,2,100,1007
1639,11,894,2,100,1007
911,74,894,33,5,1006
913,74,894,33,5,1006
966,74,894,33,5,1006
1593,3,894,8,100,1005
1664,687,189,29,100,1005
138,7,146,1,850,1004
920,74,894,33,3,1004
923,74,894,33,3,1004
928,74,894,33,3,1004
1100,230,642,123,9,1004
1333,62,894,3,42,1001
445,2,146,2,850,1000
1571,23,894,2,81,1000
1613,3,894,3,100,1000
1617,3,894,3,100,1000
1566,21,894,3,81,999
1622,2,894,2,100,998
1645,2,894,2,100,998
1416,49,894,2,52,997
1535,21,894,1,81,997
1536,21,894,1,81,997
1647,2,894,1,100,997
1471,49,894,4,49,996
1512,16,894,4,81,995
1414,21,894,25,52,992
1691,230,642,20,100,992
1075,79,894,5,13,991
1383,28,894,13,56,991
1107,62,894,16,17,989
1131,62,894,16,17,989
1175,70,894,3,22,989
1350,49,894,4,42,989
1429,39,894,4,52,989
1463,21,894,25,49,989
1530,8,894,6,81,989
1355,28,894,10,56,988
1396,28,894,10,56,988
1548,11,894,2,81,988
1094,79,894,4,9,986
1064,74,894,4,12,984
1146,70,894,3,17,984
1160,70,894,3,17,984
1211,687,189,95,13,984
1398,17,894,17,56,984
1401,687,146,95,56,984
1531,7,894,2,81,984
1569,7,894,2,81,984
1020,79,894,4,6,983
1360,23,894,10,56,983
1388,23,894,10,56,983
1522,4,894,4,81,983
984,74,894,6,8,982
1095,74,894,3,9,980
1268,62,894,5,19,980
1422,17,894,17,52,980
1432,17,894,17,52,980
1436,17,894,17,52,980
1457,17,894,17,52,980
1023,62,894,16,7,979
1353,39,894,4,42,979
1446,32,894,1,52,979
1491,33,894,3,49,979
1501,33,894,3,49,979
1482,33,894,2,49,978
1524,2,894,1,81,978
1015,62,894,16,5,977
1505,33,894,1,49,977
1620,687,189,1,100,977
1271,62,894,1,19,976
1486,32,894,1,49,976
1057,62,894,7,12,975
1320,37,894,1,42,974
1375,21,894,3,56,974
1408,21,894,3,56,974
1040,62,894,7,10,973
1082,62,894,4,13,973
1134,56,894,3,17,970
1317,33,894,1,42,970
1325,17,894,17,42,970
1338,17,894,17,42,970
1354,17,894,17,42,970
1441,21,894,3,52,970
1449,21,894,3,52,970
1518,687,189,13,81,970
1318,23,894,10,42,969
1326,23,894,10,42,969
935,62,894,5,7,968
1456,21,894,1,52,968
1675,687,146,34,100,967
1136,49,894,6,17,966
1172,32,894,18,22,966
1277,17,894,17,38,966
1314,28,894,1,42,965
1399,687,189,33,56,965
995,62,894,4,4,964
1163,39,894,7,22,962
943,49,894,8,9,960
944,49,894,8,9,960
949,49,894,8,9,960
1178,39,894,4,22,959
1581,687,189,2,81,959
940,49,894,8,7,958
934,49,894,8,6,957
1165,28,894,13,22,957
1236,39,894,4,20,957
1237,39,894,4,20,957
1243,39,894,4,20,957
1356,6,894,1,56,957
856,16,894,34,12,956
1177,28,894,10,22,954
1228,39,894,7,14,954
882,16,894,34,9,953
1183,23,894,10,26,953
1240,37,894,2,20,953
983,49,894,1,8,952
1008,49,894,4,5,952
1129,28,894,13,17,952
1156,28,894,13,17,952
1304,16,894,4,38,952
941,49,894,1,7,951
1113,39,894,1,17,951
1231,39,894,4,14,951
1493,4,894,4,49,951
991,49,894,4,3,950
1130,37,894,2,17,950
1440,3,894,1,52,950
1109,33,894,5,17,949
1147,28,894,10,17,949
1166,23,894,10,22,949
1199,23,894,6,26,949
1232,28,894,13,14,949
1072,28,894,13,13,948
1245,17,894,17,20,948
1250,17,894,17,20,948
1255,17,894,17,20,948
1469,4,894,1,49,948
1061,28,894,13,12,947
1142,33,894,3,17,947
1150,33,894,3,17,947
1260,17,894,17,19,947
1266,17,894,17,19,947
1290,8,894,6,38,946
1480,2,894,1,49,946
875,39,894,4,8,945
1091,33,894,5,13,945
1115,33,894,1,17,945
1118,33,894,1,17,945
1143,32,894,2,17,945
1149,33,894,1,17,945
1182,23,894,6,22,945
1192,23,894,2,26,945
1206,23,894,2,26,945
1288,12,894,1,38,945
1044,33,894,5,12,944
1066,33,894,5,12,944
955,39,894,7,2,942
1121,28,894,13,7,942
1226,33,894,1,14,942
1296,7,894,3,38,942
1300,5,894,5,38,942
929,28,894,13,6,941
931,28,894,13,6,941
1069,33,894,1,13,941
1063,33,894,1,12,940
938,28,894,10,7,939
1046,23,894,10,12,939
919,28,894,10,6,938
975,28,894,13,3,938
996,39,894,1,4,938
1270,23,894,2,19,938
997,37,894,2,4,937
1000,37,894,2,4,937
1097,33,894,1,9,937
1125,33,894,3,7,937
1222,23,894,6,14,937
1223,23,894,6,14,937
1233,23,894,6,14,937
1215,23,894,6,13,936
860,23,894,6,12,935
1464,687,189,9,49,934
957,32,894,2,5,933
863,23,894,6,9,932
868,23,894,6,9,932
888,23,894,6,9,932
902,23,894,6,9,932
876,23,894,6,8,931
962,32,894,2,2,930
993,32,894,1,2,929
1157,16,894,1,17,928
1509,687,189,2,49,927
666,62,10,4,850,926
1019,23,894,1,6,924
1202,1,894,1,26,922
1070,12,894,1,13,920
1099,16,894,1,9,920
1116,4,894,4,17,919
1161,230,642,25,22,919
1332,687,189,1,42,919
1347,687,189,1,42,919
939,16,894,1,7,918
1138,3,894,4,17,918
1084,5,894,5,13,917
1247,2,894,1,20,917
1024,11,894,4,7,916
1049,5,894,5,12,916
1144,3,894,2,17,916
1152,3,894,2,17,916
1200,230,642,18,26,916
1071,6,894,2,13,915
1210,6,894,2,13,915
945,8,894,3,9,914
1041,5,894,5,10,914
1076,6,894,1,13,914
1822,79,642,1,192,914
1148,1,894,1,17,913
1229,230,642,26,14,912
1241,230,642,20,20,912
1782,62,642,16,192,912
988,8,894,1,8,911
1230,2,894,1,14,911
1119,230,642,21,17,910
1702,74,642,2,192,910
1826,74,642,1,192,909
885,3,894,1,9,907
1030,5,894,2,5,906
998,5,894,2,4,905
1025,3,894,1,7,905
1306,79,642,145,38,904
930,2,894,1,6,903
1189,687,189,1,26,903
1857,62,642,7,192,903
970,2,894,1,3,900
1214,687,189,2,13,891
1404,70,642,123,56,891
1710,56,642,1,192,891
1504,687,146,1,49,883
1876,39,642,4,192,877
1850,37,642,4,192,875
1181,687,146,13,22,868
1714,28,642,2,192,864
1724,21,642,8,192,863
1657,111,642,5,100,858
1174,687,146,1,22,856
1658,111,642,2,100,855
1673,111,642,1,100,854
1838,16,642,4,192,854
986,687,146,9,8,850
1688,230,146,373,100,849
893,687,146,1,11,845
1123,70,642,123,7,842
932,70,642,123,6,841
1842,5,642,1,192,840
1697,2,642,1,192,837
1578,111,642,2,81,836
1735,1,642,1,192,836
1678,79,642,5,100,826
1351,111,642,28,42,823
1680,74,642,2,100,818
1085,230,189,373,13,805
1627,56,642,4,100,802
1633,49,642,1,100,792
1596,37,642,5,100,784
1656,39,642,3,100,784
1671,39,642,3,100,784
1203,111,642,4,26,783
1692,37,642,4,100,783
1603,39,642,1,100,782
1227,111,642,9,14,776
1117,111,642,1,17,771
1221,111,642,1,13,767
1625,21,642,3,100,766
1468,49,642,25,49,765
1424,62,642,5,52,761
1527,12,642,25,81,760
1340,74,642,1,42,759
1631,11,642,4,100,757
1616,4,642,4,100,750
1684,4,642,1,100,747
1272,62,642,16,19,739
1065,79,642,3,12,736
1104,74,642,3,17,736
1526,10,642,1,81,734
1589,8,642,2,81,733
1055,62,642,16,12,732
1366,33,642,1,56,732
1585,6,642,1,81,730
1448,32,642,1,52,727
1525,3,642,1,81,727
1465,17,642,17,49,725
1492,32,642,1,49,724
969,62,642,16,3,723
1738,11,146,373,192,722
1431,23,642,1,52,718
1173,39,642,4,22,707
1093,49,642,1,13,705
954,56,642,3,1,702
1191,33,642,1,26,702
1050,39,642,7,12,700
1218,39,642,4,13,698
1158,33,642,1,17,693
1141,23,642,10,17,692
1212,32,642,1,13,688
1342,3,642,1,42,688
1308,6,642,1,38,687
1018,32,642,3,6,683
1108,23,642,1,17,683
1126,17,642,17,7,683
1204,5,642,5,26,678
1033,21,642,8,5,676
1195,4,642,1,26,673
1259,8,642,2,19,671
1249,7,642,1,20,670
1110,1,642,1,17,661
1618,37,146,373,100,656
880,1,642,1,9,653
1711,230,189,20,192,631
1862,230,189,20,192,631
1552,230,146,145,81,602
985,29,189,373,8,599
1734,230,146,21,192,589
1726,230,146,7,192,575
1848,62,146,145,192,545
1640,230,189,25,100,544
1612,230,189,20,100,539
1630,230,189,20,100,539
1621,230,189,2,100,521
1670,230,189,2,100,521
1584,230,189,18,81,518
1392,230,189,21,56,496
1442,230,189,18,52,489
1495,230,189,18,49,486
1312,230,189,20,38,477
1478,230,189,1,49,469
1729,74,189,6,192,461
1819,74,189,6,192,461
1140,230,189,18,17,454
1088,230,189,21,13,453
1706,62,189,5,192,448
1476,230,146,21,49,446
1854,62,189,1,192,444
1059,79,189,145,12,425
1060,79,189,145,12,425
1793,49,146,28,192,415
1087,230,146,21,13,410
1624,111,189,5,100,405
979,62,189,145,3,399
1554,111,189,9,81,390
1561,111,189,9,81,390
1139,70,146,123,17,356
853,70,146,123,12,351
1579,79,146,5,81,311
1583,79,146,5,81,311
1322,74,189,3,42,308
1606,8,189,6,100,303
1602,8,189,1,100,298
1659,3,189,1,100,293
1275,230,1,20,38,289
1560,8,189,6,81,284
1550,49,146,1,81,277
1462,21,189,8,52,270
1122,62,189,1,7,259
1655,3,146,1,100,250
1474,4,189,1,49,243
1565,8,146,1,81,236
1007,39,189,2,5,235
1349,3,189,1,42,235
1276,49,146,1,38,234
990,33,189,1,3,226
981,23,189,4,8,224
1258,11,189,4,19,223
971,23,189,4,3,219
973,23,189,4,2,218
972,23,189,4,1,217
884,49,146,6,9,210
1246,37,146,1,20,204