Index,Country,Client,ISP,Subnets,Aggregate,SUM
7,687,894,373,850,"2,804",1.49
75,687,894,373,850,"2,804",1.49
108,687,894,373,850,"2,804",1.49
269,687,894,373,850,"2,804",1.49
285,687,894,373,850,"2,804",1.49
351,687,894,373,850,"2,804",1.49
512,687,894,373,850,"2,804",1.49
539,687,894,373,850,"2,804",1.49
583,687,894,373,850,"2,804",1.49
676,687,894,373,850,"2,804",1.49
793,687,894,373,850,"2,804",1.49
839,687,894,373,850,"2,804",1.49
842,687,894,373,850,"2,804",1.49
1,687,642,373,850,"2,552",1.35
14,687,642,373,850,"2,552",1.35
16,687,642,373,850,"2,552",1.35
19,687,642,373,850,"2,552",1.35
22,687,642,373,850,"2,552",1.35
27,687,642,373,850,"2,552",1.35
34,687,642,373,850,"2,552",1.35
36,687,642,373,850,"2,552",1.35
38,687,642,373,850,"2,552",1.35
46,687,642,373,850,"2,552",1.35
51,687,642,373,850,"2,552",1.35
58,687,642,373,850,"2,552",1.35
59,687,642,373,850,"2,552",1.35
63,687,642,373,850,"2,552",1.35
70,687,642,373,850,"2,552",1.35
79,687,642,373,850,"2,552",1.35
82,687,642,373,850,"2,552",1.35
83,687,642,373,850,"2,552",1.35
85,687,642,373,850,"2,552",1.35
87,687,642,373,850,"2,552",1.35
88,687,642,373,850,"2,552",1.35
92,687,642,373,850,"2,552",1.35
98,687,642,373,850,"2,552",1.35
100,687,642,373,850,"2,552",1.35
105,687,642,373,850,"2,552",1.35
107,687,642,373,850,"2,552",1.35
111,687,642,373,850,"2,552",1.35
115,687,642,373,850,"2,552",1.35
124,687,642,373,850,"2,552",1.35
126,687,642,373,850,"2,552",1.35
127,687,642,373,850,"2,552",1.35
133,687,642,373,850,"2,552",1.35
134,687,642,373,850,"2,552",1.35
140,687,642,373,850,"2,552",1.35
156,687,642,373,850,"2,552",1.35
161,687,642,373,850,"2,552",1.35
162,687,642,373,850,"2,552",1.35
168,687,642,373,850,"2,552",1.35
169,687,642,373,850,"2,552",1.35
172,687,642,373,850,"2,552",1.35
177,687,642,373,850,"2,552",1.35
179,687,642,373,850,"2,552",1.35
182,687,642,373,850,"2,552",1.35
193,687,642,373,850,"2,552",1.35
202,687,642,373,850,"2,552",1.35
208,687,642,373,850,"2,552",1.35
209,687,642,373,850,"2,552",1.35
212,687,642,373,850,"2,552",1.35
213,687,642,373,850,"2,552",1.35
224,687,642,373,850,"2,552",1.35
230,687,642,373,850,"2,552",1.35
235,687,642,373,850,"2,552",1.35
238,687,642,373,850,"2,552",1.35
242,687,642,373,850,"2,552",1.35
248,687,642,373,850,"2,552",1.35
260,687,642,373,850,"2,552",1.35
262,687,642,373,850,"2,552",1.35
268,687,642,373,850,"2,552",1.35
270,687,642,373,850,"2,552",1.35
274,687,642,373,850,"2,552",1.35
279,687,642,373,850,"2,552",1.35
286,687,642,373,850,"2,552",1.35
288,687,642,373,850,"2,552",1.35
290,687,642,373,850,"2,552",1.35
298,687,642,373,850,"2,552",1.35
301,687,642,373,850,"2,552",1.35
302,687,642,373,850,"2,552",1.35
303,687,642,373,850,"2,552",1.35
308,687,642,373,850,"2,552",1.35
311,687,642,373,850,"2,552",1.35
313,687,642,373,850,"2,552",1.35
322,687,642,373,850,"2,552",1.35
323,687,642,373,850,"2,552",1.35
331,687,642,373,850,"2,552",1.35
332,687,642,373,850,"2,552",1.35
340,687,642,373,850,"2,552",1.35
342,687,642,373,850,"2,552",1.35
343,687,642,373,850,"2,552",1.35
345,687,642,373,850,"2,552",1.35
347,687,642,373,850,"2,552",1.35
352,687,642,373,850,"2,552",1.35
358,687,642,373,850,"2,552",1.35
360,687,642,373,850,"2,552",1.35
363,687,642,373,850,"2,552",1.35
371,687,642,373,850,"2,552",1.35
374,687,642,373,850,"2,552",1.35
377,687,642,373,850,"2,552",1.35
386,687,642,373,850,"2,552",1.35
387,687,642,373,850,"2,552",1.35
406,687,642,373,850,"2,552",1.35
408,687,642,373,850,"2,552",1.35
422,687,642,373,850,"2,552",1.35
434,687,642,373,850,"2,552",1.35
436,687,642,373,850,"2,552",1.35
438,687,642,373,850,"2,552",1.35
440,687,642,373,850,"2,552",1.35
446,687,642,373,850,"2,552",1.35
450,687,642,373,850,"2,552",1.35
456,687,642,373,850,"2,552",1.35
462,687,642,373,850,"2,552",1.35
463,687,642,373,850,"2,552",1.35
469,687,642,373,850,"2,552",1.35
470,687,642,373,850,"2,552",1.35
472,687,642,373,850,"2,552",1.35
475,687,642,373,850,"2,552",1.35
481,687,642,373,850,"2,552",1.35
487,687,642,373,850,"2,552",1.35
489,687,642,373,850,"2,552",1.35
490,687,642,373,850,"2,552",1.35
493,687,642,373,850,"2,552",1.35
498,687,642,373,850,"2,552",1.35
499,687,642,373,850,"2,552",1.35
500,687,642,373,850,"2,552",1.35
508,687,642,373,850,"2,552",1.35
510,687,642,373,850,"2,552",1.35
511,687,642,373,850,"2,552",1.35
516,687,642,373,850,"2,552",1.35
517,687,642,373,850,"2,552",1.35
527,687,642,373,850,"2,552",1.35
528,687,642,373,850,"2,552",1.35
532,687,642,373,850,"2,552",1.35
533,687,642,373,850,"2,552",1.35
534,687,642,373,850,"2,552",1.35
536,687,642,373,850,"2,552",1.35
542,687,642,373,850,"2,552",1.35
545,687,642,373,850,"2,552",1.35
548,687,642,373,850,"2,552",1.35
550,687,642,373,850,"2,552",1.35
553,687,642,373,850,"2,552",1.35
554,687,642,373,850,"2,552",1.35
557,687,642,373,850,"2,552",1.35
558,687,642,373,850,"2,552",1.35
559,687,642,373,850,"2,552",1.35
564,687,642,373,850,"2,552",1.35
565,687,642,373,850,"2,552",1.35
570,687,642,373,850,"2,552",1.35
572,687,642,373,850,"2,552",1.35
573,687,642,373,850,"2,552",1.35
577,687,642,373,850,"2,552",1.35
586,687,642,373,850,"2,552",1.35
590,687,642,373,850,"2,552",1.35
591,687,642,373,850,"2,552",1.35
593,687,642,373,850,"2,552",1.35
594,687,642,373,850,"2,552",1.35
596,687,642,373,850,"2,552",1.35
601,687,642,373,850,"2,552",1.35
602,687,642,373,850,"2,552",1.35
609,687,642,373,850,"2,552",1.35
621,687,642,373,850,"2,552",1.35
627,687,642,373,850,"2,552",1.35
630,687,642,373,850,"2,552",1.35
634,687,642,373,850,"2,552",1.35
646,687,642,373,850,"2,552",1.35
649,687,642,373,850,"2,552",1.35
653,687,642,373,850,"2,552",1.35
655,687,642,373,850,"2,552",1.35
656,687,642,373,850,"2,552",1.35
659,687,642,373,850,"2,552",1.35
660,687,642,373,850,"2,552",1.35
662,687,642,373,850,"2,552",1.35
663,687,642,373,850,"2,552",1.35
664,687,642,373,850,"2,552",1.35
667,687,642,373,850,"2,552",1.35
669,687,642,373,850,"2,552",1.35
671,687,642,373,850,"2,552",1.35
681,687,642,373,850,"2,552",1.35
686,687,642,373,850,"2,552",1.35
696,687,642,373,850,"2,552",1.35
697,687,642,373,850,"2,552",1.35
702,687,642,373,850,"2,552",1.35
703,687,642,373,850,"2,552",1.35
710,687,642,373,850,"2,552",1.35
716,687,642,373,850,"2,552",1.35
723,687,642,373,850,"2,552",1.35
725,687,642,373,850,"2,552",1.35
728,687,642,373,850,"2,552",1.35
729,687,642,373,850,"2,552",1.35
734,687,642,373,850,"2,552",1.35
735,687,642,373,850,"2,552",1.35
738,687,642,373,850,"2,552",1.35
739,687,642,373,850,"2,552",1.35
741,687,642,373,850,"2,552",1.35
743,687,642,373,850,"2,552",1.35
744,687,642,373,850,"2,552",1.35
759,687,642,373,850,"2,552",1.35
770,687,642,373,850,"2,552",1.35
778,687,642,373,850,"2,552",1.35
781,687,642,373,850,"2,552",1.35
792,687,642,373,850,"2,552",1.35
796,687,642,373,850,"2,552",1.35
797,687,642,373,850,"2,552",1.35
801,687,642,373,850,"2,552",1.35
805,687,642,373,850,"2,552",1.35
808,687,642,373,850,"2,552",1.35
823,687,642,373,850,"2,552",1.35
834,687,642,373,850,"2,552",1.35
836,687,642,373,850,"2,552",1.35
837,687,642,373,850,"2,552",1.35
841,687,642,373,850,"2,552",1.35
843,687,642,373,850,"2,552",1.35
844,687,642,373,850,"2,552",1.35
845,687,642,373,850,"2,552",1.35
598,687,894,95,850,"2,526",1.34
287,687,894,48,850,"2,479",1.32
123,687,894,34,850,"2,465",1.31
329,687,894,34,850,"2,465",1.31
418,687,894,34,850,"2,465",1.31
790,687,894,34,850,"2,465",1.31
799,687,894,29,850,"2,460",1.31
15,687,894,7,850,"2,438",1.29
506,687,894,7,850,"2,438",1.29
574,687,894,7,850,"2,438",1.29
39,687,894,3,850,"2,434",1.29
339,687,894,3,850,"2,434",1.29
537,687,894,3,850,"2,434",1.29
257,230,894,373,850,"2,347",1.25
71,687,642,145,850,"2,324",1.23
314,687,642,145,850,"2,324",1.23
321,687,642,145,850,"2,324",1.23
353,687,642,145,850,"2,324",1.23
454,687,642,145,850,"2,324",1.23
502,687,642,145,850,"2,324",1.23
163,687,642,95,850,"2,274",1.21
249,687,642,95,850,"2,274",1.21
518,687,642,95,850,"2,274",1.21
132,687,642,52,850,"2,231",1.18
167,687,642,52,850,"2,231",1.18
401,687,642,52,850,"2,231",1.18
458,687,642,52,850,"2,231",1.18
566,687,642,52,850,"2,231",1.18
54,687,642,48,850,"2,227",1.18
159,687,642,48,850,"2,227",1.18
317,687,642,48,850,"2,227",1.18
563,687,642,48,850,"2,227",1.18
685,687,642,34,850,"2,213",1.17
148,687,642,33,850,"2,212",1.17
265,687,642,33,850,"2,212",1.17
384,687,642,33,850,"2,212",1.17
390,687,642,33,850,"2,212",1.17
531,687,642,33,850,"2,212",1.17
632,687,642,33,850,"2,212",1.17
50,687,642,29,850,"2,208",1.17
102,687,642,29,850,"2,208",1.17
110,687,642,29,850,"2,208",1.17
164,687,642,29,850,"2,208",1.17
181,687,642,29,850,"2,208",1.17
365,687,642,29,850,"2,208",1.17
430,687,642,29,850,"2,208",1.17
451,687,642,29,850,"2,208",1.17
476,687,642,29,850,"2,208",1.17
494,687,642,29,850,"2,208",1.17
629,687,642,29,850,"2,208",1.17
673,687,642,29,850,"2,208",1.17
695,687,642,29,850,"2,208",1.17
775,687,642,29,850,"2,208",1.17
838,687,642,28,850,"2,207",1.17
114,687,642,18,850,"2,197",1.17
149,687,642,9,850,"2,188",1.16
375,687,642,8,850,"2,187",1.16
479,687,642,8,850,"2,187",1.16
761,687,642,8,850,"2,187",1.16
57,687,642,7,850,"2,186",1.16
433,687,642,7,850,"2,186",1.16
543,687,642,7,850,"2,186",1.16
477,687,642,3,850,"2,182",1.16
755,687,642,3,850,"2,182",1.16
524,687,642,2,850,"2,181",1.16
599,687,642,2,850,"2,181",1.16
613,687,642,2,850,"2,181",1.16
513,687,642,1,850,"2,180",1.16
538,687,642,1,850,"2,180",1.16
699,687,642,1,850,"2,180",1.16
3,56,894,373,850,"2,173",1.15
612,56,894,373,850,"2,173",1.15
320,37,894,373,850,"2,154",1.14
657,37,894,373,850,"2,154",1.14
17,29,894,373,850,"2,146",1.14
35,29,894,373,850,"2,146",1.14
261,29,894,373,850,"2,146",1.14
576,29,894,373,850,"2,146",1.14
780,29,894,373,850,"2,146",1.14
833,29,894,373,850,"2,146",1.14
146,11,894,373,850,"2,128",1.13
370,11,894,373,850,"2,128",1.13
45,230,894,145,850,"2,119",1.12
585,230,894,145,850,"2,119",1.12
810,230,894,145,850,"2,119",1.12
817,230,894,145,850,"2,119",1.12
122,230,894,123,850,"2,097",1.11
297,230,642,373,850,"2,095",1.11
732,230,642,373,850,"2,095",1.11
751,230,642,373,850,"2,095",1.11
831,230,642,373,850,"2,095",1.11
416,687,146,373,850,"2,056",1.09
426,687,146,373,850,"2,056",1.09
514,687,146,373,850,"2,056",1.09
1610,687,894,373,100,"2,054",1.09
12,230,894,34,850,"2,008",1.07
42,230,894,34,850,"2,008",1.07
597,230,894,34,850,"2,008",1.07
798,230,894,34,850,"2,008",1.07
1439,687,894,373,52,"2,006",1.06
11,230,894,18,850,"1,992",1.06
1292,687,894,373,38,"1,992",1.06
84,230,894,16,850,"1,990",1.06
150,230,894,16,850,"1,990",1.06
174,230,894,16,850,"1,990",1.06
350,230,894,16,850,"1,990",1.06
486,230,894,16,850,"1,990",1.06
637,230,894,16,850,"1,990",1.06
1190,687,894,373,26,"1,980",1.05
1193,687,894,373,26,"1,980",1.05
232,111,642,373,850,"1,976",1.05
315,111,642,373,850,"1,976",1.05
376,111,642,373,850,"1,976",1.05
529,230,894,1,850,"1,975",1.05
535,230,894,1,850,"1,975",1.05
1238,687,894,373,20,"1,974",1.05
1137,687,894,373,17,"1,971",1.05
147,79,894,145,850,"1,968",1.04
631,79,894,145,850,"1,968",1.04
795,79,894,145,850,"1,968",1.04
1078,687,894,373,13,"1,967",1.04
1086,687,894,373,13,"1,967",1.04
852,687,894,373,12,"1,966",1.04
858,687,894,373,12,"1,966",1.04
1043,687,894,373,10,"1,964",1.04
864,687,894,373,9,"1,963",1.04
867,687,894,373,9,"1,963",1.04
869,687,894,373,9,"1,963",1.04
881,687,894,373,9,"1,963",1.04
906,687,894,373,9,"1,963",1.04
1096,687,894,373,9,"1,963",1.04
924,687,894,373,3,"1,957",1.04
226,79,642,373,850,"1,944",1.03
503,79,642,373,850,"1,944",1.03
610,79,642,373,850,"1,944",1.03
835,79,642,373,850,"1,944",1.03
275,74,642,373,850,"1,939",1.03
392,74,642,373,850,"1,939",1.03
507,74,642,373,850,"1,939",1.03
49,70,894,123,850,"1,937",1.03
520,70,894,123,850,"1,937",1.03
584,70,894,123,850,"1,937",1.03
624,70,894,123,850,"1,937",1.03
6,56,642,373,850,"1,921",1.02
10,56,642,373,850,"1,921",1.02
23,56,642,373,850,"1,921",1.02
44,56,642,373,850,"1,921",1.02
47,56,642,373,850,"1,921",1.02
61,56,642,373,850,"1,921",1.02
69,56,642,373,850,"1,921",1.02
73,56,642,373,850,"1,921",1.02
77,56,642,373,850,"1,921",1.02
99,56,642,373,850,"1,921",1.02
104,56,642,373,850,"1,921",1.02
143,56,642,373,850,"1,921",1.02
154,56,642,373,850,"1,921",1.02
165,56,642,373,850,"1,921",1.02
184,56,642,373,850,"1,921",1.02
185,56,642,373,850,"1,921",1.02
194,56,642,373,850,"1,921",1.02
277,56,642,373,850,"1,921",1.02
289,56,642,373,850,"1,921",1.02
326,56,642,373,850,"1,921",1.02
336,56,642,373,850,"1,921",1.02
372,56,642,373,850,"1,921",1.02
480,56,642,373,850,"1,921",1.02
482,56,642,373,850,"1,921",1.02
485,56,642,373,850,"1,921",1.02
519,56,642,373,850,"1,921",1.02
540,56,642,373,850,"1,921",1.02
541,56,642,373,850,"1,921",1.02
551,56,642,373,850,"1,921",1.02
552,56,642,373,850,"1,921",1.02
562,56,642,373,850,"1,921",1.02
578,56,642,373,850,"1,921",1.02
605,56,642,373,850,"1,921",1.02
611,56,642,373,850,"1,921",1.02
661,56,642,373,850,"1,921",1.02
674,56,642,373,850,"1,921",1.02
680,56,642,373,850,"1,921",1.02
719,56,642,373,850,"1,921",1.02
745,56,642,373,850,"1,921",1.02
752,56,642,373,850,"1,921",1.02
757,56,642,373,850,"1,921",1.02
760,56,642,373,850,"1,921",1.02
786,56,642,373,850,"1,921",1.02
802,56,642,373,850,"1,921",1.02
818,56,642,373,850,"1,921",1.02
819,56,642,373,850,"1,921",1.02
820,56,642,373,850,"1,921",1.02
357,687,10,373,850,"1,920",1.02
1858,687,894,145,192,"1,918",1.02
496,39,642,373,850,"1,904",1.01
754,39,642,373,850,"1,904",1.01
13,37,642,373,850,"1,902",1.01
292,37,642,373,850,"1,902",1.01
325,37,642,373,850,"1,902",1.01
505,37,642,373,850,"1,902",1.01
95,29,642,373,850,"1,894",1.00
117,29,642,373,850,"1,894",1.00
236,29,642,373,850,"1,894",1.00
263,29,642,373,850,"1,894",1.00
284,29,642,373,850,"1,894",1.00
362,29,642,373,850,"1,894",1.00
466,29,642,373,850,"1,894",1.00
544,29,642,373,850,"1,894",1.00
549,29,642,373,850,"1,894",1.00
640,29,642,373,850,"1,894",1.00
644,29,642,373,850,"1,894",1.00
688,29,642,373,850,"1,894",1.00
758,29,642,373,850,"1,894",1.00
807,29,642,373,850,"1,894",1.00
91,111,894,16,850,"1,871",0.99
144,111,894,16,850,"1,871",0.99
152,111,894,16,850,"1,871",0.99
399,687,189,145,850,"1,871",0.99
453,111,894,16,850,"1,871",0.99
567,111,894,16,850,"1,871",0.99
604,111,894,16,850,"1,871",0.99
620,111,894,16,850,"1,871",0.99
638,111,894,16,850,"1,871",0.99
821,111,894,16,850,"1,871",0.99
826,111,894,16,850,"1,871",0.99
1698,687,894,95,192,"1,868",0.99
1721,687,894,95,192,"1,868",0.99
1723,687,894,95,192,"1,868",0.99
1756,687,894,95,192,"1,868",0.99
1767,687,894,95,192,"1,868",0.99
1788,687,894,95,192,"1,868",0.99
1800,687,894,95,192,"1,868",0.99
1808,687,894,95,192,"1,868",0.99
1830,687,894,95,192,"1,868",0.99
1837,687,894,95,192,"1,868",0.99
1859,687,894,95,192,"1,868",0.99
1879,687,894,95,192,"1,868",0.99
715,230,642,145,850,"1,867",0.99
405,111,894,3,850,"1,858",0.99
81,74,894,34,850,"1,852",0.98
5,230,642,123,850,"1,845",0.98
97,230,642,123,850,"1,845",0.98
118,230,642,123,850,"1,845",0.98
136,230,642,123,850,"1,845",0.98
252,230,642,123,850,"1,845",0.98
273,230,642,123,850,"1,845",0.98
380,230,642,123,850,"1,845",0.98
383,230,642,123,850,"1,845",0.98
435,230,642,123,850,"1,845",0.98
468,230,642,123,850,"1,845",0.98
555,230,642,123,850,"1,845",0.98
672,230,642,123,850,"1,845",0.98
693,230,642,123,850,"1,845",0.98
766,230,642,123,850,"1,845",0.98
811,230,642,123,850,"1,845",0.98
847,230,642,123,850,"1,845",0.98
106,687,146,145,850,"1,828",0.97
633,687,146,145,850,"1,828",0.97
768,687,146,145,850,"1,828",0.97
48,49,894,34,850,"1,827",0.97
650,49,894,34,850,"1,827",0.97
1719,687,894,52,192,"1,825",0.97
1828,687,894,52,192,"1,825",0.97
1829,687,894,52,192,"1,825",0.97
1865,687,894,52,192,"1,825",0.97
200,687,189,95,850,"1,821",0.97
214,687,189,95,850,"1,821",0.97
219,687,189,95,850,"1,821",0.97
368,687,189,95,850,"1,821",0.97
706,687,189,95,850,"1,821",0.97
717,687,189,95,850,"1,821",0.97
1722,687,894,48,192,"1,821",0.97
1783,687,894,48,192,"1,821",0.97
1802,687,894,48,192,"1,821",0.97
1817,687,894,48,192,"1,821",0.97
1836,687,894,48,192,"1,821",0.97
1709,687,894,33,192,"1,806",0.96
1731,687,894,33,192,"1,806",0.96
1743,687,894,33,192,"1,806",0.96
1774,687,894,33,192,"1,806",0.96
1803,687,894,33,192,"1,806",0.96
67,49,894,6,850,"1,799",0.95
455,49,894,6,850,"1,799",0.95
31,16,894,34,850,"1,794",0.95
246,16,894,34,850,"1,794",0.95
293,16,894,34,850,"1,794",0.95
324,16,894,34,850,"1,794",0.95
327,16,894,34,850,"1,794",0.95
588,16,894,34,850,"1,794",0.95
774,16,894,34,850,"1,794",0.95
504,32,894,17,850,"1,793",0.95
636,32,894,17,850,"1,793",0.95
1748,687,894,18,192,"1,791",0.95
283,37,894,5,850,"1,786",0.95
492,37,894,5,850,"1,786",0.95
575,37,894,5,850,"1,786",0.95
762,37,894,5,850,"1,786",0.95
1852,687,894,13,192,"1,786",0.95
116,40,894,1,850,"1,785",0.95
1570,687,642,373,81,"1,783",0.95
1694,687,894,10,192,"1,783",0.95
1779,687,894,10,192,"1,783",0.95
1833,687,894,10,192,"1,783",0.95
1816,687,894,9,192,"1,782",0.95
608,3,894,34,850,"1,781",0.94
1727,687,894,8,192,"1,781",0.94
1789,687,894,8,192,"1,781",0.94
240,687,146,95,850,"1,778",0.94
720,687,189,52,850,"1,778",0.94
794,687,189,52,850,"1,778",0.94
1696,687,894,5,192,"1,778",0.94
1716,687,894,5,192,"1,778",0.94
1771,687,894,5,192,"1,778",0.94
1810,687,894,5,192,"1,778",0.94
1595,687,894,95,100,"1,776",0.94
1599,687,894,95,100,"1,776",0.94
1629,687,894,95,100,"1,776",0.94
1635,687,894,95,100,"1,776",0.94
1638,687,894,95,100,"1,776",0.94
1652,687,894,95,100,"1,776",0.94
1685,687,894,95,100,"1,776",0.94
1737,687,894,2,192,"1,775",0.94
1769,687,894,2,192,"1,775",0.94
1790,687,894,2,192,"1,775",0.94
1867,687,894,2,192,"1,775",0.94
4,687,189,48,850,"1,774",0.94
33,687,189,48,850,"1,774",0.94
266,687,189,48,850,"1,774",0.94
278,687,189,48,850,"1,774",0.94
464,687,189,48,850,"1,774",0.94
824,687,189,48,850,"1,774",0.94
1693,687,894,1,192,"1,774",0.94
1707,687,894,1,192,"1,774",0.94
1744,687,894,1,192,"1,774",0.94
348,16,894,4,850,"1,764",0.94
1309,687,894,145,38,"1,764",0.94
417,12,894,2,850,"1,758",0.93
460,12,894,1,850,"1,757",0.93
1542,687,894,95,81,"1,757",0.93
1549,687,894,95,81,"1,757",0.93
1575,687,894,95,81,"1,757",0.93
1588,687,894,95,81,"1,757",0.93
726,687,189,28,850,"1,754",0.93
1185,687,894,145,26,"1,752",0.93
1494,687,642,373,49,"1,751",0.93
9,111,642,145,850,"1,748",0.93
53,111,642,145,850,"1,748",0.93
142,111,642,145,850,"1,748",0.93
158,111,642,145,850,"1,748",0.93
187,111,642,145,850,"1,748",0.93
221,111,642,145,850,"1,748",0.93
233,111,642,145,850,"1,748",0.93
276,111,642,145,850,"1,748",0.93
420,111,642,145,850,"1,748",0.93
568,111,642,145,850,"1,748",0.93
595,111,642,145,850,"1,748",0.93
606,111,642,145,850,"1,748",0.93
626,111,642,145,850,"1,748",0.93
806,111,642,145,850,"1,748",0.93
1171,687,894,145,22,"1,748",0.93
677,687,189,18,850,"1,744",0.93
700,687,189,18,850,"1,744",0.93
1145,687,894,145,17,"1,743",0.92
748,230,642,18,850,"1,740",0.92
1219,687,894,145,13,"1,739",0.92
1058,687,894,145,12,"1,738",0.92
1609,687,894,52,100,"1,733",0.92
1359,687,894,95,56,"1,732",0.92
1362,687,894,95,56,"1,732",0.92
1367,687,894,95,56,"1,732",0.92
1373,687,894,95,56,"1,732",0.92
1376,687,894,95,56,"1,732",0.92
1378,687,894,95,56,"1,732",0.92
1381,687,894,95,56,"1,732",0.92
1382,687,894,95,56,"1,732",0.92
1394,687,894,95,56,"1,732",0.92
1407,687,894,95,56,"1,732",0.92
237,687,146,48,850,"1,731",0.92
253,687,146,48,850,"1,731",0.92
310,687,146,48,850,"1,731",0.92
457,687,146,48,850,"1,731",0.92
546,687,146,48,850,"1,731",0.92
571,687,146,48,850,"1,731",0.92
827,687,146,48,850,"1,731",0.92
306,230,642,8,850,"1,730",0.92
421,230,642,8,850,"1,730",0.92
628,230,642,8,850,"1,730",0.92
641,230,642,8,850,"1,730",0.92
101,230,642,7,850,"1,729",0.92
251,230,642,7,850,"1,729",0.92
713,230,642,7,850,"1,729",0.92
1632,687,894,48,100,"1,729",0.92
1649,687,894,48,100,"1,729",0.92
1679,687,894,48,100,"1,729",0.92
1411,687,894,95,52,"1,728",0.92
1413,687,894,95,52,"1,728",0.92
1419,687,894,95,52,"1,728",0.92
1420,687,894,95,52,"1,728",0.92
1425,687,894,95,52,"1,728",0.92
1433,687,894,95,52,"1,728",0.92
1437,687,894,95,52,"1,728",0.92
1454,687,894,95,52,"1,728",0.92
1455,687,894,95,52,"1,728",0.92
229,687,189,1,850,"1,727",0.92
381,687,189,1,850,"1,727",0.92
309,230,642,4,850,"1,726",0.92
712,230,642,4,850,"1,726",0.92
785,230,642,4,850,"1,726",0.92
849,230,642,4,850,"1,726",0.92
66,230,642,2,850,"1,724",0.91
78,230,642,2,850,"1,724",0.91
441,230,642,2,850,"1,724",0.91
813,230,642,2,850,"1,724",0.91
687,230,642,1,850,"1,723",0.91
765,230,642,1,850,"1,723",0.91
1315,687,894,95,42,"1,718",0.91
1323,687,894,95,42,"1,718",0.91
1327,687,894,95,42,"1,718",0.91
1337,687,894,95,42,"1,718",0.91
1345,687,894,95,42,"1,718",0.91
701,687,146,34,850,"1,717",0.91
218,79,642,145,850,"1,716",0.91
341,79,642,145,850,"1,716",0.91
344,79,642,145,850,"1,716",0.91
373,79,642,145,850,"1,716",0.91
415,79,642,145,850,"1,716",0.91
423,79,642,145,850,"1,716",0.91
465,79,642,145,850,"1,716",0.91
547,79,642,145,850,"1,716",0.91
581,79,642,145,850,"1,716",0.91
589,79,642,145,850,"1,716",0.91
692,79,642,145,850,"1,716",0.91
829,79,642,145,850,"1,716",0.91
1278,687,894,95,38,"1,714",0.91
1289,687,894,95,38,"1,714",0.91
1293,687,894,95,38,"1,714",0.91
1515,687,894,52,81,"1,714",0.91
1517,687,894,52,81,"1,714",0.91
1538,687,894,52,81,"1,714",0.91
1553,687,894,52,81,"1,714",0.91
1556,687,894,52,81,"1,714",0.91
1650,687,894,33,100,"1,714",0.91
1661,687,894,33,100,"1,714",0.91
830,687,146,28,850,"1,711",0.91
1592,687,894,48,81,"1,710",0.91
1611,687,894,28,100,"1,709",0.91
1197,687,894,95,26,"1,702",0.90
1198,687,894,95,26,"1,702",0.90
24,62,642,145,850,"1,699",0.90
80,62,642,145,850,"1,699",0.90
125,62,642,145,850,"1,699",0.90
155,62,642,145,850,"1,699",0.90
190,62,642,145,850,"1,699",0.90
307,62,642,145,850,"1,699",0.90
312,62,642,145,850,"1,699",0.90
378,62,642,145,850,"1,699",0.90
447,62,642,145,850,"1,699",0.90
746,62,642,145,850,"1,699",0.90
832,62,642,145,850,"1,699",0.90
1601,687,894,18,100,"1,699",0.90
1636,687,894,18,100,"1,699",0.90
1167,687,894,95,22,"1,698",0.90
1169,687,894,95,22,"1,698",0.90
491,687,146,13,850,"1,696",0.90
1545,687,894,33,81,"1,695",0.90
1557,687,894,33,81,"1,695",0.90
1563,687,894,33,81,"1,695",0.90
1676,687,894,13,100,"1,694",0.90
1133,687,894,95,17,"1,693",0.90
1151,687,894,95,17,"1,693",0.90
68,687,146,8,850,"1,691",0.90
473,687,146,8,850,"1,691",0.90
1634,687,894,10,100,"1,691",0.90
1642,687,894,10,100,"1,691",0.90
1682,687,894,10,100,"1,691",0.90
1687,687,894,10,100,"1,691",0.90
1646,687,894,9,100,"1,690",0.90
1357,687,894,52,56,"1,689",0.90
1361,687,894,52,56,"1,689",0.90
1369,687,894,52,56,"1,689",0.90
1374,687,894,52,56,"1,689",0.90
1377,687,894,52,56,"1,689",0.90
1384,687,894,52,56,"1,689",0.90
1390,687,894,52,56,"1,689",0.90
1397,687,894,52,56,"1,689",0.90
1400,687,894,52,56,"1,689",0.90
1051,687,894,95,12,"1,688",0.90
1052,687,894,95,12,"1,688",0.90
128,70,642,123,850,"1,685",0.89
175,70,642,123,850,"1,685",0.89
180,70,642,123,850,"1,685",0.89
198,70,642,123,850,"1,685",0.89
205,70,642,123,850,"1,685",0.89
334,70,642,123,850,"1,685",0.89
413,70,642,123,850,"1,685",0.89
442,70,642,123,850,"1,685",0.89
461,70,642,123,850,"1,685",0.89
478,70,642,123,850,"1,685",0.89
675,70,642,123,850,"1,685",0.89
789,70,642,123,850,"1,685",0.89
1101,687,894,95,9,"1,685",0.89
1370,687,894,48,56,"1,685",0.89
1430,687,894,52,52,"1,685",0.89
1438,687,894,52,52,"1,685",0.89
1443,687,894,52,52,"1,685",0.89
1458,687,894,52,52,"1,685",0.89
1460,687,894,52,52,"1,685",0.89
1461,687,894,52,52,"1,685",0.89
1668,687,894,4,100,"1,685",0.89
1674,687,894,4,100,"1,685",0.89
1672,687,894,3,100,"1,684",0.89
1028,687,894,95,7,"1,683",0.89
915,687,894,95,6,"1,682",0.89
1479,687,894,52,49,"1,682",0.89
1498,687,894,52,49,"1,682",0.89
1502,687,894,52,49,"1,682",0.89
1506,687,894,52,49,"1,682",0.89
1510,687,894,52,49,"1,682",0.89
910,687,894,95,5,"1,681",0.89
912,687,894,95,5,"1,681",0.89
959,687,894,95,5,"1,681",0.89
961,687,894,95,5,"1,681",0.89
1011,687,894,95,5,"1,681",0.89
1452,687,894,48,52,"1,681",0.89
1005,687,894,95,3,"1,679",0.89
28,39,642,145,850,"1,676",0.89
74,39,642,145,850,"1,676",0.89
1334,687,894,52,42,"1,675",0.89
1341,687,894,52,42,"1,675",0.89
1573,687,894,13,81,"1,675",0.89
1582,687,894,13,81,"1,675",0.89
1587,687,894,13,81,"1,675",0.89
25,37,642,145,850,"1,674",0.89
120,37,642,145,850,"1,674",0.89
393,37,642,145,850,"1,674",0.89
618,37,642,145,850,"1,674",0.89
1286,687,894,52,38,"1,671",0.89
1339,687,894,48,42,"1,671",0.89
1385,687,894,33,56,"1,670",0.89
1534,687,894,8,81,"1,670",0.89
1559,687,894,8,81,"1,670",0.89
1280,687,894,48,38,"1,667",0.88
1428,687,894,33,52,"1,666",0.88
1459,687,894,33,52,"1,666",0.88
1513,687,894,3,81,"1,665",0.88
1514,687,894,2,81,"1,664",0.88
1529,687,894,2,81,"1,664",0.88
1551,687,894,2,81,"1,664",0.88
1497,687,894,33,49,"1,663",0.88
1523,687,894,1,81,"1,663",0.88
1562,687,894,1,81,"1,663",0.88
1568,687,894,1,81,"1,663",0.88
1586,687,894,1,81,"1,663",0.88
816,23,642,145,850,"1,660",0.88
1164,687,894,52,22,"1,655",0.88
1264,687,894,52,19,"1,652",0.88
1265,687,894,52,19,"1,652",0.88
1287,687,894,33,38,"1,652",0.88
1298,687,894,33,38,"1,652",0.88
1445,687,894,18,52,"1,651",0.88
1269,687,894,48,19,"1,648",0.87
1274,687,894,48,19,"1,648",0.87
1466,687,894,18,49,"1,648",0.87
1473,687,894,18,49,"1,648",0.87
1105,687,894,48,17,"1,646",0.87
1045,687,894,52,12,"1,645",0.87
1048,687,894,52,12,"1,645",0.87
1389,687,894,8,56,"1,645",0.87
1391,687,894,7,56,"1,644",0.87
1393,687,894,7,56,"1,644",0.87
1395,687,894,7,56,"1,644",0.87
683,230,189,373,850,"1,642",0.87
1081,687,894,48,13,"1,642",0.87
1089,687,894,48,13,"1,642",0.87
1331,687,894,18,42,"1,641",0.87
1405,687,894,4,56,"1,641",0.87
1450,687,894,8,52,"1,641",0.87
1418,687,894,7,52,"1,640",0.87
1426,687,894,7,52,"1,640",0.87
1427,687,894,7,52,"1,640",0.87
1034,687,894,48,10,"1,639",0.87
1037,687,894,48,10,"1,639",0.87
1098,687,894,48,9,"1,638",0.87
1364,687,894,1,56,"1,638",0.87
874,687,894,48,8,"1,637",0.87
879,687,894,48,8,"1,637",0.87
980,687,894,52,3,"1,636",0.87
1021,687,894,48,6,"1,635",0.87
1489,687,894,3,49,"1,633",0.87
921,687,894,48,3,"1,632",0.87
1106,687,894,34,17,"1,632",0.87
1111,687,894,34,17,"1,632",0.87
1132,687,894,34,17,"1,632",0.87
1499,687,894,2,49,"1,632",0.87
1470,687,894,1,49,"1,631",0.87
1074,687,894,33,13,"1,627",0.86
1047,687,894,33,12,"1,626",0.86
1336,687,894,3,42,"1,626",0.86
1038,687,894,34,10,"1,625",0.86
1330,687,894,2,42,"1,625",0.86
1344,687,894,2,42,"1,625",0.86
1299,687,894,5,38,"1,624",0.86
1279,687,894,2,38,"1,621",0.86
1294,687,894,2,38,"1,621",0.86
1301,687,894,2,38,"1,621",0.86
1184,687,894,13,26,"1,620",0.86
958,687,894,33,5,"1,619",0.86
964,687,894,33,5,"1,619",0.86
1252,687,894,18,20,"1,619",0.86
942,687,894,28,9,"1,618",0.86
989,687,894,33,3,"1,617",0.86
1027,687,894,28,7,"1,616",0.86
1700,687,642,95,192,"1,616",0.86
1785,687,642,95,192,"1,616",0.86
1805,687,642,95,192,"1,616",0.86
1201,687,894,3,26,"1,610",0.85
866,687,894,18,9,"1,608",0.85
94,111,642,4,850,"1,607",0.85
294,111,642,4,850,"1,607",0.85
645,111,642,4,850,"1,607",0.85
731,111,642,4,850,"1,607",0.85
1256,687,894,7,19,"1,607",0.85
1224,687,894,10,14,"1,605",0.85
787,111,642,1,850,"1,604",0.85
1031,687,894,18,5,"1,604",0.85
950,687,894,13,9,"1,603",0.85
1217,687,894,9,13,"1,603",0.85
1253,687,894,1,20,"1,602",0.85
21,79,642,29,850,"1,600",0.85
65,79,642,29,850,"1,600",0.85
86,79,642,29,850,"1,600",0.85
356,79,642,29,850,"1,600",0.85
361,79,642,29,850,"1,600",0.85
444,79,642,29,850,"1,600",0.85
668,79,642,29,850,"1,600",0.85
694,79,642,29,850,"1,600",0.85
737,79,642,29,850,"1,600",0.85
777,79,642,29,850,"1,600",0.85
848,79,642,29,850,"1,600",0.85
854,687,894,7,12,"1,600",0.85
859,687,894,7,12,"1,600",0.85
130,230,146,373,850,"1,599",0.85
247,230,146,373,850,"1,599",0.85
264,230,146,373,850,"1,599",0.85
335,230,146,373,850,"1,599",0.85
484,74,642,33,850,"1,599",0.85
501,74,642,33,850,"1,599",0.85
756,74,642,33,850,"1,599",0.85
968,687,894,13,5,"1,599",0.85
978,687,894,13,3,"1,597",0.85
1102,687,894,7,9,"1,597",0.85
1225,687,894,2,14,"1,597",0.85
1220,687,894,2,13,"1,596",0.85
1234,687,894,1,14,"1,596",0.85
977,687,894,9,3,"1,593",0.85
1035,687,894,2,10,"1,593",0.85
953,687,894,7,3,"1,591",0.84
982,687,894,2,8,"1,591",0.84
1017,687,894,3,6,"1,590",0.84
916,687,894,2,6,"1,589",0.84
965,687,894,3,5,"1,589",0.84
1012,687,894,3,5,"1,589",0.84
1124,687,894,1,7,"1,589",0.84
151,62,642,34,850,"1,588",0.84
617,62,642,34,850,"1,588",0.84
635,62,642,34,850,"1,588",0.84
909,687,894,1,5,"1,587",0.84
952,687,894,2,3,"1,586",0.84
999,687,894,1,4,"1,586",0.84
1003,687,894,1,3,"1,585",0.84
956,687,894,1,2,"1,584",0.84
1648,687,642,145,100,"1,574",0.84
1686,687,642,145,100,"1,574",0.84
1763,687,642,52,192,"1,573",0.83
521,79,642,1,850,"1,572",0.83
153,62,642,16,850,"1,570",0.83
338,74,642,4,850,"1,570",0.83
424,74,642,4,850,"1,570",0.83
607,74,642,4,850,"1,570",0.83
800,74,642,4,850,"1,570",0.83
349,49,642,28,850,"1,569",0.83
409,74,642,2,850,"1,568",0.83
822,74,642,2,850,"1,568",0.83
776,74,642,1,850,"1,567",0.83
779,49,642,25,850,"1,566",0.83
648,39,642,34,850,"1,565",0.83
803,39,642,34,850,"1,565",0.83
32,62,642,7,850,"1,561",0.83
698,39,642,28,850,"1,559",0.83
443,62,642,4,850,"1,558",0.83
222,62,642,2,850,"1,556",0.83
561,62,642,2,850,"1,556",0.83
840,56,642,2,850,"1,550",0.82
139,49,642,4,850,"1,545",0.82
271,49,642,1,850,"1,542",0.82
809,49,642,1,850,"1,542",0.82
814,49,642,1,850,"1,542",0.82
26,32,642,17,850,"1,541",0.82
245,32,642,17,850,"1,541",0.82
448,32,642,17,850,"1,541",0.82
488,32,642,17,850,"1,541",0.82
623,32,642,17,850,"1,541",0.82
1733,687,642,18,192,"1,539",0.82
1878,687,642,18,192,"1,539",0.82
425,39,642,4,850,"1,535",0.81
1704,687,642,13,192,"1,534",0.81
398,37,642,4,850,"1,533",0.81
616,37,642,4,850,"1,533",0.81
1371,687,642,145,56,"1,530",0.81
199,111,189,373,850,"1,523",0.81
600,29,642,1,850,"1,522",0.81
1813,687,642,1,192,"1,522",0.81
316,28,642,1,850,"1,521",0.81
206,12,642,2,850,"1,506",0.80
647,10,642,4,850,"1,506",0.80
389,12,642,1,850,"1,505",0.80
784,12,642,1,850,"1,505",0.80
241,10,642,2,850,"1,504",0.80
204,8,642,3,850,"1,503",0.80
367,8,642,3,850,"1,503",0.80
129,8,642,1,850,"1,501",0.80
846,5,642,2,850,"1,499",0.80
556,3,642,2,850,"1,497",0.79
791,1,642,1,850,"1,494",0.79
1054,687,642,145,12,"1,486",0.79
432,111,146,373,850,"1,480",0.79
523,111,146,373,850,"1,480",0.79
642,111,146,373,850,"1,480",0.79
850,111,146,373,850,"1,480",0.79
1363,687,642,95,56,"1,480",0.79
1365,687,642,95,56,"1,480",0.79
1402,687,642,95,56,"1,480",0.79
1410,687,642,95,56,"1,480",0.79
1444,687,642,95,52,"1,476",0.78
1475,687,642,95,49,"1,473",0.78
1207,687,642,95,26,"1,450",0.77
18,79,146,373,850,"1,448",0.77
304,79,146,373,850,"1,448",0.77
525,79,146,373,850,"1,448",0.77
1637,687,642,18,100,"1,447",0.77
1239,687,642,95,20,"1,444",0.77
670,74,146,373,850,"1,443",0.77
753,74,146,373,850,"1,443",0.77
804,74,146,373,850,"1,443",0.77
1626,687,642,10,100,"1,439",0.76
1715,230,894,123,192,"1,439",0.76
1751,230,894,123,192,"1,439",0.76
1849,230,894,123,192,"1,439",0.76
1056,687,642,95,12,"1,436",0.76
948,687,642,95,9,"1,433",0.76
1690,687,642,2,100,"1,431",0.76
1508,687,642,52,49,"1,430",0.76
1006,687,642,95,5,"1,429",0.76
1558,687,642,18,81,"1,428",0.76
396,230,189,145,850,"1,414",0.75
1417,687,642,33,52,"1,414",0.75
1483,687,642,33,49,"1,411",0.75
1541,687,642,1,81,"1,411",0.75
1319,687,642,33,42,"1,404",0.74
1281,687,642,33,38,"1,400",0.74
1179,687,642,48,22,"1,399",0.74
1180,687,642,48,22,"1,399",0.74
1324,687,642,28,42,"1,399",0.74
160,29,146,373,850,"1,398",0.74
239,29,146,373,850,"1,398",0.74
256,29,146,373,850,"1,398",0.74
355,29,146,373,850,"1,398",0.74
427,29,146,373,850,"1,398",0.74
439,29,146,373,850,"1,398",0.74
569,29,146,373,850,"1,398",0.74
1127,687,642,52,17,"1,398",0.74
30,230,189,123,850,"1,392",0.74
379,230,189,123,850,"1,392",0.74
395,230,189,123,850,"1,392",0.74
404,230,189,123,850,"1,392",0.74
652,230,189,123,850,"1,392",0.74
772,230,189,123,850,"1,392",0.74
773,230,189,123,850,"1,392",0.74
1077,687,642,48,13,"1,390",0.74
1283,687,642,18,38,"1,385",0.73
976,687,642,52,3,"1,384",0.73
974,687,642,48,2,"1,379",0.73
1516,28,894,373,81,"1,376",0.73
76,230,146,145,850,"1,371",0.73
282,230,146,145,850,"1,371",0.73
407,230,146,145,850,"1,371",0.73
515,230,146,145,850,"1,371",0.73
530,230,146,145,850,"1,371",0.73
1303,687,642,1,38,"1,368",0.73
1188,687,642,8,26,"1,363",0.72
1205,687,642,8,26,"1,363",0.72
1162,687,642,9,22,"1,360",0.72
346,230,146,123,850,"1,349",0.72
452,230,146,123,850,"1,349",0.72
582,230,146,123,850,"1,349",0.72
614,230,146,123,850,"1,349",0.72
615,230,146,123,850,"1,349",0.72
724,230,146,123,850,"1,349",0.72
747,230,146,123,850,"1,349",0.72
749,230,146,123,850,"1,349",0.72
1643,230,894,123,100,"1,347",0.71
946,687,642,8,9,"1,346",0.71
1313,37,894,373,42,"1,346",0.71
1090,687,642,2,13,"1,344",0.71
1001,687,642,10,4,"1,343",0.71
1705,230,894,26,192,"1,342",0.71
1745,230,894,26,192,"1,342",0.71
1752,230,894,26,192,"1,342",0.71
1755,230,894,26,192,"1,342",0.71
1760,230,894,26,192,"1,342",0.71
1762,230,894,26,192,"1,342",0.71
1765,230,894,26,192,"1,342",0.71
1770,230,894,26,192,"1,342",0.71
1772,230,894,26,192,"1,342",0.71
1791,230,894,26,192,"1,342",0.71
1804,230,894,26,192,"1,342",0.71
1811,230,894,26,192,"1,342",0.71
1812,230,894,26,192,"1,342",0.71
1824,230,894,26,192,"1,342",0.71
1827,230,894,26,192,"1,342",0.71
1855,230,894,26,192,"1,342",0.71
1863,230,894,26,192,"1,342",0.71
1864,230,894,26,192,"1,342",0.71
1871,230,894,26,192,"1,342",0.71
1873,230,894,26,192,"1,342",0.71
1874,230,894,26,192,"1,342",0.71
1877,230,894,26,192,"1,342",0.71
1758,230,894,25,192,"1,341",0.71
1026,687,642,3,7,"1,339",0.71
1832,230,894,21,192,"1,337",0.71
1880,230,894,21,192,"1,337",0.71
1701,230,894,18,192,"1,334",0.71
1736,230,894,18,192,"1,334",0.71
937,56,894,373,7,"1,330",0.71
1521,230,894,123,81,"1,328",0.70
1358,1,894,373,56,"1,324",0.70
1776,230,894,3,192,"1,319",0.70
1781,230,894,3,192,"1,319",0.70
851,37,894,373,12,"1,316",0.70
897,37,894,373,11,"1,315",0.70
870,37,894,373,9,"1,313",0.70
886,37,894,373,9,"1,313",0.70
1329,230,894,145,42,"1,311",0.70
1623,687,146,373,100,"1,306",0.69
1368,230,894,123,56,"1,303",0.69
1386,230,894,123,56,"1,303",0.69
1453,230,894,123,52,"1,299",0.69
1484,230,894,123,49,"1,296",0.69
176,111,189,145,850,"1,295",0.69
191,111,189,145,850,"1,295",0.69
215,111,189,145,850,"1,295",0.69
258,111,189,145,850,"1,295",0.69
267,111,189,145,850,"1,295",0.69
295,111,189,145,850,"1,295",0.69
369,111,189,145,850,"1,295",0.69
227,230,189,25,850,"1,294",0.69
1796,62,894,145,192,"1,293",0.69
1316,230,894,123,42,"1,289",0.68
718,230,189,18,850,"1,287",0.68
1567,687,146,373,81,"1,287",0.68
1297,230,894,123,38,"1,285",0.68
1703,70,894,123,192,"1,279",0.68
1742,70,894,123,192,"1,279",0.68
1775,70,894,123,192,"1,279",0.68
994,230,894,145,4,"1,273",0.68
654,230,189,2,850,"1,271",0.67
1135,230,894,123,17,"1,264",0.67
1153,230,894,123,17,"1,264",0.67
109,79,189,145,850,"1,263",0.67
113,79,189,145,850,"1,263",0.67
211,79,189,145,850,"1,263",0.67
625,79,189,145,850,"1,263",0.67
682,79,189,145,850,"1,263",0.67
711,79,189,145,850,"1,263",0.67
788,79,189,145,850,"1,263",0.67
1042,230,894,123,10,"1,257",0.67
947,230,894,123,9,"1,256",0.67
936,230,894,123,7,"1,254",0.67
933,230,894,123,6,"1,253",0.66
40,111,146,145,850,"1,252",0.66
56,111,146,145,850,"1,252",0.66
178,111,146,145,850,"1,252",0.66
305,111,146,145,850,"1,252",0.66
330,111,146,145,850,"1,252",0.66
459,111,146,145,850,"1,252",0.66
580,111,146,145,850,"1,252",0.66
658,111,146,145,850,"1,252",0.66
722,111,146,145,850,"1,252",0.66
960,230,894,123,5,"1,252",0.66
925,230,894,123,3,"1,250",0.66
963,230,894,123,2,"1,249",0.66
1654,230,894,25,100,"1,249",0.66
1598,230,894,20,100,"1,244",0.66
52,70,189,123,850,"1,232",0.65
89,70,189,123,850,"1,232",0.65
195,70,189,123,850,"1,232",0.65
400,70,189,123,850,"1,232",0.65
665,70,189,123,850,"1,232",0.65
689,70,189,123,850,"1,232",0.65
727,70,189,123,850,"1,232",0.65
767,70,189,123,850,"1,232",0.65
43,230,146,2,850,"1,228",0.65
622,230,146,1,850,"1,227",0.65
1681,230,894,3,100,"1,227",0.65
1543,230,894,20,81,"1,225",0.65
1544,230,894,20,81,"1,225",0.65
1572,230,894,20,81,"1,225",0.65
1591,230,894,20,81,"1,225",0.65
1537,230,894,18,81,"1,223",0.65
112,79,146,145,850,"1,220",0.65
157,79,146,145,850,"1,220",0.65
259,79,146,145,850,"1,220",0.65
291,79,146,145,850,"1,220",0.65
300,79,146,145,850,"1,220",0.65
474,79,146,145,850,"1,220",0.65
509,79,146,145,850,"1,220",0.65
1597,79,894,145,100,"1,218",0.65
135,230,10,123,850,"1,213",0.64
319,230,10,123,850,"1,213",0.64
579,230,10,123,850,"1,213",0.64
704,230,10,123,850,"1,213",0.64
196,23,189,145,850,"1,207",0.64
272,23,189,145,850,"1,207",0.64
1409,230,894,21,56,"1,201",0.64
1546,79,894,145,81,"1,199",0.64
1335,230,894,28,42,"1,194",0.63
1435,230,894,18,52,"1,194",0.63
1477,230,894,21,49,"1,194",0.63
1481,230,894,20,49,"1,193",0.63
1485,230,894,20,49,"1,193",0.63
1487,230,894,20,49,"1,193",0.63
1500,230,894,20,49,"1,193",0.63
1291,230,894,28,38,"1,190",0.63
1302,230,894,28,38,"1,190",0.63
2,70,146,123,850,"1,189",0.63
93,70,146,123,850,"1,189",0.63
96,70,146,123,850,"1,189",0.63
145,70,146,123,850,"1,189",0.63
467,70,146,123,850,"1,189",0.63
483,70,146,123,850,"1,189",0.63
560,70,146,123,850,"1,189",0.63
1614,70,894,123,100,"1,187",0.63
1285,230,894,20,38,"1,182",0.63
603,39,146,145,850,"1,180",0.63
782,39,146,145,850,"1,180",0.63
1186,230,894,28,26,"1,178",0.62
1196,230,894,25,26,"1,175",0.62
1170,230,894,28,22,"1,174",0.62
1380,79,894,145,56,"1,174",0.62
1248,230,894,28,20,"1,172",0.62
1251,230,894,28,20,"1,172",0.62
1254,230,894,28,20,"1,172",0.62
1187,230,894,21,26,"1,171",0.62
1261,230,894,28,19,"1,171",0.62
857,230,894,34,12,"1,170",0.62
1423,79,894,145,52,"1,170",0.62
8,111,189,19,850,"1,169",0.62
29,111,189,19,850,"1,169",0.62
72,111,189,19,850,"1,169",0.62
171,111,189,19,850,"1,169",0.62
188,111,189,19,850,"1,169",0.62
189,111,189,19,850,"1,169",0.62
243,111,189,19,850,"1,169",0.62
359,111,189,19,850,"1,169",0.62
428,111,189,19,850,"1,169",0.62
643,111,189,19,850,"1,169",0.62
764,111,189,19,850,"1,169",0.62
769,111,189,19,850,"1,169",0.62
1154,230,894,28,17,"1,169",0.62
1576,70,894,123,81,"1,168",0.62
1806,79,894,3,192,"1,168",0.62
1352,230,894,1,42,"1,167",0.62
1746,79,894,2,192,"1,167",0.62
1787,79,894,2,192,"1,167",0.62
1718,74,894,6,192,"1,166",0.62
1872,79,894,1,192,"1,166",0.62
354,23,146,145,850,"1,164",0.62
410,23,146,145,850,"1,164",0.62
437,23,146,145,850,"1,164",0.62
1794,62,894,16,192,"1,164",0.62
1841,62,894,16,192,"1,164",0.62
1262,230,894,20,19,"1,163",0.62
1273,230,894,20,19,"1,163",0.62
865,230,894,29,9,"1,162",0.62
871,230,894,29,9,"1,162",0.62
1053,230,894,26,12,"1,162",0.62
1080,230,894,25,13,"1,162",0.62
1128,230,894,21,17,"1,162",0.62
1267,230,894,18,19,"1,161",0.62
1036,230,894,26,10,"1,160",0.62
1856,49,894,25,192,"1,160",0.62
1875,49,894,25,192,"1,160",0.62
1112,230,894,18,17,"1,159",0.61
967,111,894,145,5,"1,155",0.61
1013,230,894,26,5,"1,155",0.61
1068,230,894,18,13,"1,155",0.61
1799,62,894,7,192,"1,155",0.61
1825,62,894,7,192,"1,155",0.61
1860,62,894,7,192,"1,155",0.61
861,230,894,18,12,"1,154",0.61
987,230,894,21,8,"1,153",0.61
1016,230,894,21,6,"1,151",0.61
1840,37,894,28,192,"1,151",0.61
1032,230,894,21,5,"1,150",0.61
1472,62,894,145,49,"1,150",0.61
992,230,894,21,2,"1,147",0.61
1029,230,894,18,5,"1,147",0.61
1712,56,894,3,192,"1,145",0.61
1263,230,894,1,19,"1,144",0.61
1372,70,894,123,56,"1,143",0.61
1387,70,894,123,56,"1,143",0.61
1580,23,894,145,81,"1,143",0.61
1168,79,894,145,22,"1,140",0.60
1176,79,894,145,22,"1,140",0.60
1284,62,894,145,38,"1,139",0.60
1307,62,894,145,38,"1,139",0.60
1434,70,894,123,52,"1,139",0.60
1257,79,894,145,19,"1,137",0.60
1695,49,894,2,192,"1,137",0.60
1845,49,894,2,192,"1,137",0.60
1488,70,894,123,49,"1,136",0.60
951,230,894,8,3,"1,135",0.60
1114,79,894,145,17,"1,135",0.60
1155,79,894,145,17,"1,135",0.60
1754,39,894,7,192,"1,132",0.60
1786,39,894,7,192,"1,132",0.60
1797,39,894,7,192,"1,132",0.60
1073,79,894,145,13,"1,131",0.60
1014,230,894,1,5,"1,130",0.60
1619,111,894,25,100,"1,130",0.60
1321,70,894,123,42,"1,129",0.60
1343,70,894,123,42,"1,129",0.60
1708,39,894,2,192,"1,127",0.60
1801,37,894,4,192,"1,127",0.60
1815,37,894,4,192,"1,127",0.60
1866,28,894,13,192,"1,127",0.60
119,111,146,19,850,"1,126",0.60
131,111,146,19,850,"1,126",0.60
250,111,146,19,850,"1,126",0.60
255,111,146,19,850,"1,126",0.60
296,111,146,19,850,"1,126",0.60
587,111,146,19,850,"1,126",0.60
750,111,146,19,850,"1,126",0.60
1741,37,894,3,192,"1,126",0.60
1282,70,894,123,38,"1,125",0.60
1740,28,894,10,192,"1,124",0.60
1777,28,894,10,192,"1,124",0.60
1834,28,894,10,192,"1,124",0.60
1784,12,894,25,192,"1,123",0.60
709,79,189,1,850,"1,119",0.59
1749,8,894,25,192,"1,119",0.59
1757,32,894,1,192,"1,119",0.59
1881,23,894,10,192,"1,119",0.59
186,74,189,5,850,"1,118",0.59
419,74,189,5,850,"1,118",0.59
678,74,189,5,850,"1,118",0.59
1103,62,894,145,17,"1,118",0.59
217,49,189,28,850,"1,116",0.59
1753,28,894,2,192,"1,116",0.59
679,74,189,2,850,"1,115",0.59
1759,21,894,8,192,"1,115",0.59
1079,62,894,145,13,"1,114",0.59
1244,79,642,373,20,"1,114",0.59
1628,111,894,9,100,"1,114",0.59
121,40,189,34,850,"1,113",0.59
141,40,189,34,850,"1,113",0.59
173,40,189,34,850,"1,113",0.59
192,40,189,34,850,"1,113",0.59
197,40,189,34,850,"1,113",0.59
201,40,189,34,850,"1,113",0.59
210,40,189,34,850,"1,113",0.59
228,40,189,34,850,"1,113",0.59
231,40,189,34,850,"1,113",0.59
234,40,189,34,850,"1,113",0.59
318,40,189,34,850,"1,113",0.59
364,40,189,34,850,"1,113",0.59
366,40,189,34,850,"1,113",0.59
385,40,189,34,850,"1,113",0.59
388,40,189,34,850,"1,113",0.59
391,40,189,34,850,"1,113",0.59
394,40,189,34,850,"1,113",0.59
397,40,189,34,850,"1,113",0.59
402,40,189,34,850,"1,113",0.59
429,40,189,34,850,"1,113",0.59
431,40,189,34,850,"1,113",0.59
497,40,189,34,850,"1,113",0.59
526,40,189,34,850,"1,113",0.59
619,40,189,34,850,"1,113",0.59
684,40,189,34,850,"1,113",0.59
691,40,189,34,850,"1,113",0.59
705,40,189,34,850,"1,113",0.59
707,40,189,34,850,"1,113",0.59
721,40,189,34,850,"1,113",0.59
736,40,189,34,850,"1,113",0.59
740,40,189,34,850,"1,113",0.59
742,40,189,34,850,"1,113",0.59
763,40,189,34,850,"1,113",0.59
825,40,189,34,850,"1,113",0.59
1194,70,894,123,26,"1,113",0.59
1208,70,894,123,26,"1,113",0.59
1713,6,894,21,192,"1,113",0.59
1739,6,894,21,192,"1,113",0.59
1773,6,894,21,192,"1,113",0.59
1792,6,894,21,192,"1,113",0.59
1884,6,894,21,192,"1,113",0.59
1768,23,894,2,192,"1,111",0.59
1798,23,894,2,192,"1,111",0.59
1814,23,894,2,192,"1,111",0.59
281,70,189,1,850,"1,110",0.59
1809,21,894,3,192,"1,110",0.59
1821,21,894,3,192,"1,110",0.59
1843,23,894,1,192,"1,110",0.59
1846,23,894,1,192,"1,110",0.59
1869,21,894,3,192,"1,110",0.59
1644,111,894,4,100,"1,109",0.59
55,111,146,1,850,"1,108",0.59
254,111,146,1,850,"1,108",0.59
299,111,2,145,850,"1,108",0.59
733,111,146,1,850,"1,108",0.59
1242,70,894,123,20,"1,107",0.59
166,39,189,28,850,"1,106",0.59
1861,11,894,4,192,"1,101",0.58
1092,70,894,123,13,"1,100",0.58
1216,70,894,123,13,"1,100",0.58
1732,8,894,6,192,"1,100",0.58
1780,10,894,4,192,"1,100",0.58
1795,10,894,4,192,"1,100",0.58
1807,10,894,4,192,"1,100",0.58
1835,8,894,6,192,"1,100",0.58
1883,10,894,4,192,"1,100",0.58
1062,70,894,123,12,"1,099",0.58
1067,70,894,123,12,"1,099",0.58
1761,11,894,2,192,"1,099",0.58
1039,70,894,123,10,"1,097",0.58
1699,3,894,8,192,"1,097",0.58
1728,7,894,3,192,"1,096",0.58
1818,7,894,3,192,"1,096",0.58
1730,6,894,1,192,"1,093",0.58
1847,5,894,2,192,"1,093",0.58
90,49,189,4,850,"1,092",0.58
207,49,189,4,850,"1,092",0.58
220,49,189,4,850,"1,092",0.58
280,49,189,4,850,"1,092",0.58
1010,70,894,123,5,"1,092",0.58
1747,3,894,3,192,"1,092",0.58
1831,3,894,2,192,"1,091",0.58
1004,70,894,123,3,"1,090",0.58
1870,3,894,1,192,"1,090",0.58
1209,37,894,145,13,"1,089",0.58
1823,230,642,25,192,"1,089",0.58
170,32,189,17,850,"1,088",0.58
183,32,189,17,850,"1,088",0.58
382,32,189,17,850,"1,088",0.58
522,32,189,17,850,"1,088",0.58
1725,1,894,1,192,"1,088",0.58
1868,1,894,1,192,"1,088",0.58
1577,111,894,1,81,"1,087",0.58
203,40,189,5,850,"1,084",0.58
225,40,189,5,850,"1,084",0.58
403,40,189,5,850,"1,084",0.58
690,40,189,5,850,"1,084",0.58
714,40,189,5,850,"1,084",0.58
103,39,189,2,850,"1,080",0.57
216,39,189,2,850,"1,080",0.57
1669,79,894,5,100,"1,078",0.57
1750,687,146,52,192,"1,077",0.57
1764,687,146,52,192,"1,077",0.57
1882,687,189,9,192,"1,077",0.57
37,12,189,25,850,"1,076",0.57
223,32,189,3,850,"1,074",0.57
244,49,146,28,850,"1,073",0.57
1608,74,894,5,100,"1,073",0.57
1667,74,894,5,100,"1,073",0.57
1766,687,146,48,192,"1,073",0.57
1346,111,894,25,42,"1,072",0.57
1717,230,642,8,192,"1,072",0.57
1607,74,894,2,100,"1,070",0.57
1594,49,894,25,100,"1,068",0.57
1689,49,894,25,100,"1,068",0.57
1415,111,894,9,52,"1,066",0.57
1720,230,642,1,192,"1,065",0.56
1844,230,642,1,192,"1,065",0.56
62,39,146,28,850,"1,063",0.56
708,21,189,1,850,"1,061",0.56
1447,111,894,2,52,"1,059",0.56
1451,111,894,2,52,"1,059",0.56
1604,62,894,3,100,"1,059",0.56
1662,62,894,3,100,"1,059",0.56
1820,687,146,33,192,"1,058",0.56
333,70,10,123,850,"1,053",0.56
495,70,10,123,850,"1,053",0.56
812,70,10,123,850,"1,053",0.56
828,70,10,123,850,"1,053",0.56
328,12,189,1,850,"1,052",0.56
60,49,146,6,850,"1,051",0.56
337,49,146,6,850,"1,051",0.56
815,49,146,4,850,"1,049",0.56
1533,49,894,25,81,"1,049",0.56
1083,111,894,28,13,"1,046",0.55
412,32,146,17,850,"1,045",0.55
449,32,146,17,850,"1,045",0.55
471,32,146,17,850,"1,045",0.55
592,32,146,17,850,"1,045",0.55
639,32,146,17,850,"1,045",0.55
771,32,146,17,850,"1,045",0.55
783,70,2,123,850,"1,045",0.55
855,111,894,28,12,"1,045",0.55
1600,49,894,2,100,"1,045",0.55
1677,49,894,1,100,"1,044",0.55
64,2,189,2,850,"1,043",0.55
730,3,189,1,850,"1,043",0.55
1539,62,894,5,81,"1,042",0.55
1666,21,894,25,100,"1,040",0.55
1683,37,894,4,100,"1,035",0.55
411,28,146,10,850,"1,034",0.55
1379,79,894,3,56,"1,032",0.55
1665,33,894,5,100,"1,032",0.55
1641,12,894,25,100,"1,031",0.55
41,32,146,2,850,"1,030",0.55
651,17,146,17,850,"1,030",0.55
1406,62,894,16,56,"1,028",0.55
1605,33,894,1,100,"1,028",0.55
1651,33,894,1,100,"1,028",0.55
1653,33,894,1,100,"1,028",0.55
1778,70,642,123,192,"1,027",0.54
1839,70,642,123,192,"1,027",0.54
1853,70,642,123,192,"1,027",0.54
1159,111,894,4,17,"1,026",0.54
1490,79,894,4,49,"1,026",0.54
1496,79,894,4,49,"1,026",0.54
1851,687,146,1,192,"1,026",0.54
889,111,894,9,11,"1,025",0.54
1403,74,894,1,56,"1,025",0.54
1547,49,894,1,81,"1,025",0.54
1235,111,894,5,14,"1,024",0.54
1421,62,894,16,52,"1,024",0.54
1213,111,894,5,13,"1,023",0.54
1467,74,894,6,49,"1,023",0.54
1511,74,894,6,49,"1,023",0.54
1660,21,894,8,100,"1,023",0.54
1009,230,642,145,5,"1,022",0.54
1412,74,894,2,52,"1,022",0.54
1503,62,894,16,49,"1,021",0.54
1507,74,894,2,49,"1,019",0.54
1663,23,894,2,100,"1,019",0.54
862,111,894,1,12,"1,018",0.54
922,111,894,9,3,"1,017",0.54
926,111,894,9,3,"1,017",0.54
927,111,894,9,3,"1,017",0.54
1022,111,894,4,7,"1,016",0.54
1520,28,894,13,81,"1,016",0.54
1328,62,894,16,42,"1,014",0.54
1120,111,894,1,7,"1,013",0.54
1348,687,189,95,42,"1,013",0.54
890,74,894,33,11,"1,012",0.54
891,74,894,33,11,"1,012",0.54
892,74,894,33,11,"1,012",0.54
894,74,894,33,11,"1,012",0.54
895,74,894,33,11,"1,012",0.54
896,74,894,33,11,"1,012",0.54
898,74,894,33,11,"1,012",0.54
899,74,894,33,11,"1,012",0.54
1002,111,894,5,1,"1,011",0.54
1590,33,894,3,81,"1,011",0.54
137,10,146,4,850,"1,010",0.54
883,74,894,33,9,"1,010",0.54
887,74,894,33,9,"1,010",0.54
900,74,894,33,9,"1,010",0.54
901,74,894,33,9,"1,010",0.54
903,74,894,33,9,"1,010",0.54
904,74,894,33,9,"1,010",0.54
905,74,894,33,9,"1,010",0.54
907,74,894,33,9,"1,010",0.54
908,74,894,33,9,"1,010",0.54
1295,62,894,16,38,"1,010",0.54
1305,74,894,4,38,"1,010",0.54
1310,74,894,4,38,"1,010",0.54
1311,74,894,4,38,"1,010",0.54
1528,33,894,2,81,"1,010",0.54
1532,33,894,2,81,"1,010",0.54
1540,32,894,3,81,"1,010",0.54
1574,33,894,2,81,"1,010",0.54
872,74,894,33,8,"1,009",0.54
873,74,894,33,8,"1,009",0.54
877,74,894,33,8,"1,009",0.54
878,74,894,33,8,"1,009",0.54
1555,33,894,1,81,"1,009",0.54
1564,33,894,1,81,"1,009",0.54
20,10,146,2,850,"1,008",0.53
1519,23,894,10,81,"1,008",0.53
414,10,146,1,850,"1,007",0.53
914,74,894,33,6,"1,007",0.53
917,74,894,33,6,"1,007",0.53
918,74,894,33,6,"1,007",0.53
1615,11,894,2,100,"1,007",0.53
1639,11,894,2,100,"1,007",0.53
911,74,894,33,5,"1,006",0.53
913,74,894,33,5,"1,006",0.53
966,74,894,33,5,"1,006",0.53
1593,3,894,8,100,"1,005",0.53
1664,687,189,29,100,"1,005",0.53
138,7,146,1,850,"1,004",0.53
920,74,894,33,3,"1,004",0.53
923,74,894,33,3,"1,004",0.53
928,74,894,33,3,"1,004",0.53
1100,230,642,123,9,"1,004",0.53
1333,62,894,3,42,"1,001",0.53
445,2,146,2,850,"1,000",0.53
1571,23,894,2,81,"1,000",0.53
1613,3,894,3,100,"1,000",0.53
1617,3,894,3,100,"1,000",0.53
1566,21,894,3,81,999,0.53
1622,2,894,2,100,998,0.53
1645,2,894,2,100,998,0.53
1416,49,894,2,52,997,0.53
1535,21,894,1,81,997,0.53
1536,21,894,1,81,997,0.53
1647,2,894,1,100,997,0.53
1471,49,894,4,49,996,0.53
1512,16,894,4,81,995,0.53
1414,21,894,25,52,992,0.53
1691,230,642,20,100,992,0.53
1075,79,894,5,13,991,0.53
1383,28,894,13,56,991,0.53
1107,62,894,16,17,989,0.52
1131,62,894,16,17,989,0.52
1175,70,894,3,22,989,0.52
1350,49,894,4,42,989,0.52
1429,39,894,4,52,989,0.52
1463,21,894,25,49,989,0.52
1530,8,894,6,81,989,0.52
1355,28,894,10,56,988,0.52
1396,28,894,10,56,988,0.52
1548,11,894,2,81,988,0.52
1094,79,894,4,9,986,0.52
1064,74,894,4,12,984,0.52
1146,70,894,3,17,984,0.52
1160,70,894,3,17,984,0.52
1211,687,189,95,13,984,0.52
1398,17,894,17,56,984,0.52
1401,687,146,95,56,984,0.52
1531,7,894,2,81,984,0.52
1569,7,894,2,81,984,0.52
1020,79,894,4,6,983,0.52
1360,23,894,10,56,983,0.52
1388,23,894,10,56,983,0.52
1522,4,894,4,81,983,0.52
984,74,894,6,8,982,0.52
1095,74,894,3,9,980,0.52
1268,62,894,5,19,980,0.52
1422,17,894,17,52,980,0.52
1432,17,894,17,52,980,0.52
1436,17,894,17,52,980,0.52
1457,17,894,17,52,980,0.52
1023,62,894,16,7,979,0.52
1353,39,894,4,42,979,0.52
1446,32,894,1,52,979,0.52
1491,33,894,3,49,979,0.52
1501,33,894,3,49,979,0.52
1482,33,894,2,49,978,0.52
1524,2,894,1,81,978,0.52
1015,62,894,16,5,977,0.52
1505,33,894,1,49,977,0.52
1620,687,189,1,100,977,0.52
1271,62,894,1,19,976,0.52
1486,32,894,1,49,976,0.52
1057,62,894,7,12,975,0.52
1320,37,894,1,42,974,0.52
1375,21,894,3,56,974,0.52
1408,21,894,3,56,974,0.52
1040,62,894,7,10,973,0.52
1082,62,894,4,13,973,0.52
1134,56,894,3,17,970,0.51
1317,33,894,1,42,970,0.51
1325,17,894,17,42,970,0.51
1338,17,894,17,42,970,0.51
1354,17,894,17,42,970,0.51
1441,21,894,3,52,970,0.51
1449,21,894,3,52,970,0.51
1518,687,189,13,81,970,0.51
1318,23,894,10,42,969,0.51
1326,23,894,10,42,969,0.51
935,62,894,5,7,968,0.51
1456,21,894,1,52,968,0.51
1675,687,146,34,100,967,0.51
1136,49,894,6,17,966,0.51
1172,32,894,18,22,966,0.51
1277,17,894,17,38,966,0.51
1314,28,894,1,42,965,0.51
1399,687,189,33,56,965,0.51
995,62,894,4,4,964,0.51
1163,39,894,7,22,962,0.51
943,49,894,8,9,960,0.51
944,49,894,8,9,960,0.51
949,49,894,8,9,960,0.51
1178,39,894,4,22,959,0.51
1581,687,189,2,81,959,0.51
940,49,894,8,7,958,0.51
934,49,894,8,6,957,0.51
1165,28,894,13,22,957,0.51
1236,39,894,4,20,957,0.51
1237,39,894,4,20,957,0.51
1243,39,894,4,20,957,0.51
1356,6,894,1,56,957,0.51
856,16,894,34,12,956,0.51
1177,28,894,10,22,954,0.51
1228,39,894,7,14,954,0.51
882,16,894,34,9,953,0.51
1183,23,894,10,26,953,0.51
1240,37,894,2,20,953,0.51
983,49,894,1,8,952,0.51
1008,49,894,4,5,952,0.51
1129,28,894,13,17,952,0.51
1156,28,894,13,17,952,0.51
1304,16,894,4,38,952,0.51
941,49,894,1,7,951,0.50
1113,39,894,1,17,951,0.50
1231,39,894,4,14,951,0.50
1493,4,894,4,49,951,0.50
991,49,894,4,3,950,0.50
1130,37,894,2,17,950,0.50
1440,3,894,1,52,950,0.50
1109,33,894,5,17,949,0.50
1147,28,894,10,17,949,0.50
1166,23,894,10,22,949,0.50
1199,23,894,6,26,949,0.50
1232,28,894,13,14,949,0.50
1072,28,894,13,13,948,0.50
1245,17,894,17,20,948,0.50
1250,17,894,17,20,948,0.50
1255,17,894,17,20,948,0.50
1469,4,894,1,49,948,0.50
1061,28,894,13,12,947,0.50
1142,33,894,3,17,947,0.50
1150,33,894,3,17,947,0.50
1260,17,894,17,19,947,0.50
1266,17,894,17,19,947,0.50
1290,8,894,6,38,946,0.50
1480,2,894,1,49,946,0.50
875,39,894,4,8,945,0.50
1091,33,894,5,13,945,0.50
1115,33,894,1,17,945,0.50
1118,33,894,1,17,945,0.50
1143,32,894,2,17,945,0.50
1149,33,894,1,17,945,0.50
1182,23,894,6,22,945,0.50
1192,23,894,2,26,945,0.50
1206,23,894,2,26,945,0.50
1288,12,894,1,38,945,0.50
1044,33,894,5,12,944,0.50
1066,33,894,5,12,944,0.50
955,39,894,7,2,942,0.50
1121,28,894,13,7,942,0.50
1226,33,894,1,14,942,0.50
1296,7,894,3,38,942,0.50
1300,5,894,5,38,942,0.50
929,28,894,13,6,941,0.50
931,28,894,13,6,941,0.50
1069,33,894,1,13,941,0.50
1063,33,894,1,12,940,0.50
938,28,894,10,7,939,0.50
1046,23,894,10,12,939,0.50
919,28,894,10,6,938,0.50
975,28,894,13,3,938,0.50
996,39,894,1,4,938,0.50
1270,23,894,2,19,938,0.50
997,37,894,2,4,937,0.50
1000,37,894,2,4,937,0.50
1097,33,894,1,9,937,0.50
1125,33,894,3,7,937,0.50
1222,23,894,6,14,937,0.50
1223,23,894,6,14,937,0.50
1233,23,894,6,14,937,0.50
1215,23,894,6,13,936,0.50
860,23,894,6,12,935,0.50
1464,687,189,9,49,934,0.50
957,32,894,2,5,933,0.49
863,23,894,6,9,932,0.49
868,23,894,6,9,932,0.49
888,23,894,6,9,932,0.49
902,23,894,6,9,932,0.49
876,23,894,6,8,931,0.49
962,32,894,2,2,930,0.49
993,32,894,1,2,929,0.49
1157,16,894,1,17,928,0.49
1509,687,189,2,49,927,0.49
666,62,10,4,850,926,0.49
1019,23,894,1,6,924,0.49
1202,1,894,1,26,922,0.49
1070,12,894,1,13,920,0.49
1099,16,894,1,9,920,0.49
1116,4,894,4,17,919,0.49
1161,230,642,25,22,919,0.49
1332,687,189,1,42,919,0.49
1347,687,189,1,42,919,0.49
939,16,894,1,7,918,0.49
1138,3,894,4,17,918,0.49
1084,5,894,5,13,917,0.49
1247,2,894,1,20,917,0.49
1024,11,894,4,7,916,0.49
1049,5,894,5,12,916,0.49
1144,3,894,2,17,916,0.49
1152,3,894,2,17,916,0.49
1200,230,642,18,26,916,0.49
1071,6,894,2,13,915,0.49
1210,6,894,2,13,915,0.49
945,8,894,3,9,914,0.48
1041,5,894,5,10,914,0.48
1076,6,894,1,13,914,0.48
1822,79,642,1,192,914,0.48
1148,1,894,1,17,913,0.48
1229,230,642,26,14,912,0.48
1241,230,642,20,20,912,0.48
1782,62,642,16,192,912,0.48
988,8,894,1,8,911,0.48
1230,2,894,1,14,911,0.48
1119,230,642,21,17,910,0.48
1702,74,642,2,192,910,0.48
1826,74,642,1,192,909,0.48
885,3,894,1,9,907,0.48
1030,5,894,2,5,906,0.48
998,5,894,2,4,905,0.48
1025,3,894,1,7,905,0.48
1306,79,642,145,38,904,0.48
930,2,894,1,6,903,0.48
1189,687,189,1,26,903,0.48
1857,62,642,7,192,903,0.48
970,2,894,1,3,900,0.48
1214,687,189,2,13,891,0.47
1404,70,642,123,56,891,0.47
1710,56,642,1,192,891,0.47
1504,687,146,1,49,883,0.47
1876,39,642,4,192,877,0.47
1850,37,642,4,192,875,0.46
1181,687,146,13,22,868,0.46
1714,28,642,2,192,864,0.46
1724,21,642,8,192,863,0.46
1657,111,642,5,100,858,0.46
1174,687,146,1,22,856,0.45
1658,111,642,2,100,855,0.45
1673,111,642,1,100,854,0.45
1838,16,642,4,192,854,0.45
986,687,146,9,8,850,0.45
1688,230,146,373,100,849,0.45
893,687,146,1,11,845,0.45
1123,70,642,123,7,842,0.45
932,70,642,123,6,841,0.45
1842,5,642,1,192,840,0.45
1697,2,642,1,192,837,0.44
1578,111,642,2,81,836,0.44
1735,1,642,1,192,836,0.44
1678,79,642,5,100,826,0.44
1351,111,642,28,42,823,0.44
1680,74,642,2,100,818,0.43
1085,230,189,373,13,805,0.43
1627,56,642,4,100,802,0.43
1633,49,642,1,100,792,0.42
1596,37,642,5,100,784,0.42
1656,39,642,3,100,784,0.42
1671,39,642,3,100,784,0.42
1203,111,642,4,26,783,0.42
1692,37,642,4,100,783,0.42
1603,39,642,1,100,782,0.41
1227,111,642,9,14,776,0.41
1117,111,642,1,17,771,0.41
1221,111,642,1,13,767,0.41
1625,21,642,3,100,766,0.41
1468,49,642,25,49,765,0.41
1424,62,642,5,52,761,0.40
1527,12,642,25,81,760,0.40
1340,74,642,1,42,759,0.40
1631,11,642,4,100,757,0.40
1616,4,642,4,100,750,0.40
1684,4,642,1,100,747,0.40
1272,62,642,16,19,739,0.39
1065,79,642,3,12,736,0.39
1104,74,642,3,17,736,0.39
1526,10,642,1,81,734,0.39
1589,8,642,2,81,733,0.39
1055,62,642,16,12,732,0.39
1366,33,642,1,56,732,0.39
1585,6,642,1,81,730,0.39
1448,32,642,1,52,727,0.39
1525,3,642,1,81,727,0.39
1465,17,642,17,49,725,0.38
1492,32,642,1,49,724,0.38
969,62,642,16,3,723,0.38
1738,11,146,373,192,722,0.38
1431,23,642,1,52,718,0.38
1173,39,642,4,22,707,0.38
1093,49,642,1,13,705,0.37
954,56,642,3,1,702,0.37
1191,33,642,1,26,702,0.37
1050,39,642,7,12,700,0.37
1218,39,642,4,13,698,0.37
1158,33,642,1,17,693,0.37
1141,23,642,10,17,692,0.37
1212,32,642,1,13,688,0.36
1342,3,642,1,42,688,0.36
1308,6,642,1,38,687,0.36
1018,32,642,3,6,683,0.36
1108,23,642,1,17,683,0.36
1126,17,642,17,7,683,0.36
1204,5,642,5,26,678,0.36
1033,21,642,8,5,676,0.36
1195,4,642,1,26,673,0.36
1259,8,642,2,19,671,0.36
1249,7,642,1,20,670,0.36
1110,1,642,1,17,661,0.35
1618,37,146,373,100,656,0.35
880,1,642,1,9,653,0.35
1711,230,189,20,192,631,0.33
1862,230,189,20,192,631,0.33
1552,230,146,145,81,602,0.32
985,29,189,373,8,599,0.32
1734,230,146,21,192,589,0.31
1726,230,146,7,192,575,0.31
1848,62,146,145,192,545,0.29
1640,230,189,25,100,544,0.29
1612,230,189,20,100,539,0.29
1630,230,189,20,100,539,0.29
1621,230,189,2,100,521,0.28
1670,230,189,2,100,521,0.28
1584,230,189,18,81,518,0.27
1392,230,189,21,56,496,0.26
1442,230,189,18,52,489,0.26
1495,230,189,18,49,486,0.26
1312,230,189,20,38,477,0.25
1478,230,189,1,49,469,0.25
1729,74,189,6,192,461,0.24
1819,74,189,6,192,461,0.24
1140,230,189,18,17,454,0.24
1088,230,189,21,13,453,0.24
1706,62,189,5,192,448,0.24
1476,230,146,21,49,446,0.24
1854,62,189,1,192,444,0.24
1059,79,189,145,12,425,0.23
1060,79,189,145,12,425,0.23
1793,49,146,28,192,415,0.22
1087,230,146,21,13,410,0.22
1624,111,189,5,100,405,0.21
979,62,189,145,3,399,0.21
1554,111,189,9,81,390,0.21
1561,111,189,9,81,390,0.21
1139,70,146,123,17,356,0.19
853,70,146,123,12,351,0.19
1579,79,146,5,81,311,0.16
1583,79,146,5,81,311,0.16
1322,74,189,3,42,308,0.16
1606,8,189,6,100,303,0.16
1602,8,189,1,100,298,0.16
1659,3,189,1,100,293,0.16
1275,230,1,20,38,289,0.15
1560,8,189,6,81,284,0.15
1550,49,146,1,81,277,0.15
1462,21,189,8,52,270,0.14
1122,62,189,1,7,259,0.14
1655,3,146,1,100,250,0.13
1474,4,189,1,49,243,0.13
1565,8,146,1,81,236,0.13
1007,39,189,2,5,235,0.12
1349,3,189,1,42,235,0.12
1276,49,146,1,38,234,0.12
990,33,189,1,3,226,0.12
981,23,189,4,8,224,0.12
1258,11,189,4,19,223,0.12
971,23,189,4,3,219,0.12
973,23,189,4,2,218,0.12
972,23,189,4,1,217,0.12
884,49,146,6,9,210,0.11
1246,37,146,1,20,204,0.11